:020000040800F2
:10000000000002205D370008390E00083D0E000890
:10001000410E0008450E0008490E000800000000CF
:100020000000000000000000000000004D0E00086D
:10003000510E000800000000550E0008590E00087F
:10004000AD370008AD370008AD370008AD37000800
:10005000AD370008AD370008AD370008AD370008F0
:10006000AD370008AD370008AD370008910E000825
:10007000AD370008AD370008AD370008AD370008D0
:10008000AD370008AD370008AD370008750E000821
:10009000690E0008810E0008AD370008AD37000872
:1000A000AD370008AD370008AD370008AD370008A0
:1000B000AD370008AD370008AD370008AD37000890
:1000C000AD370008AD370008AD370008AD37000880
:1000D000AD370008AD370008AD370008AD37000870
:1000E000AD370008AD370008AD370008AD37000860
:1000F000AD370008AD370008AD370008AD37000850
:10010000AD370008AD370008AD370008AD3700083F
:10011000AD370008AD370008AD370008AD3700082F
:10012000AD370008AD370008AD370008AD3700081F
:10013000AD370008AD370008AD370008AD3700080F
:10014000AD370008AD370008AD370008AD370008FF
:10015000AD370008AD370008AD370008AD370008EF
:10016000AD370008AD370008AD370008AD370008DF
:10017000AD370008AD370008AD370008AD370008CF
:10018000AD370008AD370008AD370008AD370008BF
:10019000AD37000800000000AD370008AD3700089B
:1001A000AD370008AD370008AD370008AD3700089F
:1001B000AD370008AD370008AD370008AD3700088F
:1001C000AD370008AD370008AD370008AD3700087F
:0801D000AD370008AD3700084F
:1001E00010B5054C237833B9044B13B10448AFF371
:1001F00000800123237010BD680200200000000071
:1002000074BF000808B5034B1BB103490348AFF3A3
:10021000008008BD000000006C02002074BF0008D0
:10022000034613F8012B002AFBD1181A0138704736
:1002300001F0FF01102A2BDB10F0070F08D010F897
:10024000013B013A8B422DD010F0070F42B3F6D19B
:10025000F0B441EA012141EA014122F007047FF0B4
:1002600000070023F0E80256083C85EA010586EA0B
:10027000010685FA47F5A3FA87F586FA47F6A5FA47
:1002800087F68EB9EED1F0BC01F0FF0102F0070253
:1002900032B110F8013B013A83EA010313B1F8D1FE
:1002A0000020704701387047002D06BF35460338DF
:1002B000073815F0010F07D1013015F4807F02BF18
:1002C000013015F4C03F0130F0BC0138704700BF69
:1002D00080F0004002E000BF81F0004142001FBFFB
:1002E0005FEA410392EA030F7FEA226C7FEA236C04
:1002F0006AD04FEA1262D2EB1363C1BFD2184140F9
:1003000048404140B8BF5B42192B88BF704710F08E
:10031000004F40F4000020F07F4018BF404211F031
:10032000004F41F4000121F07F4118BF494292EA99
:10033000030F3FD0A2F1010241FA03FC10EB0C00C5
:10034000C3F1200301FA03F100F0004302D5494252
:1003500060EB4000B0F5000F13D3B0F1807F06D3FF
:1003600040084FEA310102F10102FE2A51D2B1F1F7
:10037000004F40EBC25008BF20F0010040EA0300EC
:100380007047490040EB0000013A28BFB0F5000F6C
:10039000EDD2B0FA80FCACF1080CB2EB0C0200FA22
:1003A0000CF0AABF00EBC25052421843BCBFD04071
:1003B0001843704792F0000F81F4000106BF80F4EB
:1003C00000000132013BB5E74FEA41037FEA226CAE
:1003D00018BF7FEA236C21D092EA030F04D092F079
:1003E000000F08BF0846704790EA010F1CBF0020AD
:1003F000704712F07F4F04D1400028BF40F000400A
:10040000704712F100723CBF00F50000704700F029
:10041000004343F0FE4040F4000070477FEA226250
:1004200016BF08467FEA23630146420206BF5FEA21
:10043000412390EA010F40F4800070474FF0000321
:1004400004E000BF10F0004348BF40425FEA000CE8
:1004500008BF704743F0964301464FF000001CE090
:1004600050EA010208BF70474FF000030AE000BFE6
:1004700050EA010208BF704711F0004302D5404224
:1004800061EB41015FEA010C02BF84460146002096
:1004900043F0B64308BFA3F18053A3F50003BCFAB1
:1004A0008CF2083AA3EBC25310DB01FA02FC63445E
:1004B00000FA02FCC2F12002BCF1004F20FA02F265
:1004C00043EB020008BF20F00100704702F1200258
:1004D00001FA02FCC2F1200250EA4C0021FA02F2B9
:1004E00043EB020008BF20EADC7070474FF0FF0CBE
:1004F0001CEAD0521EBF1CEAD15392EA0C0F93EAB9
:100500000C0F6FD01A4480EA010C400218BF5FEA5A
:1005100041211ED04FF0006343EA501043EA5111CD
:10052000A0FB01310CF00040B1F5000F3EBF4900C7
:1005300041EAD3715B0040EA010062F17F02FD2ACB
:100540001DD8B3F1004F40EBC25008BF20F00100AE
:10055000704790F0000F0CF0004C08BF49024CEAC5
:10056000502040EA51207F3AC2BFD2F1FF0340EA57
:10057000C250704740F400004FF00003013A5DDCC8
:1005800012F1190FDCBF00F000407047C2F1000209
:10059000410021FA02F1C2F1200200FA02FC5FEAF6
:1005A000310040F1000053EA4C0308BF20EADC7040
:1005B000704792F0000F00F0004C02BF400010F4B2
:1005C000000F013AF9D040EA0C0093F0000F01F05F
:1005D000004C02BF490011F4000F013BF9D041EA81
:1005E0000C018FE70CEAD15392EA0C0F18BF93EA83
:1005F0000C0F0AD030F0004C18BF31F0004CD8D1AD
:1006000080EA010000F00040704790F0000F17BF33
:1006100090F0004F084691F0000F91F0004F14D079
:1006200092EA0C0F01D142020FD193EA0C0F03D1D1
:100630004B0218BF084608D180EA010000F00040D4
:1006400040F0FE4040F40000704740F0FE4040F4AF
:10065000400070474FF0FF0C1CEAD0521EBF1CEA4E
:10066000D15392EA0C0F93EA0C0F69D0A2EB03026C
:1006700080EA010C49024FEA402037D04FF0805306
:1006800043EA111143EA10130CF000408B4238BFCB
:100690005B0042F17D024FF4000C8B4224BF5B1AD9
:1006A00040EA0C00B3EB510F24BFA3EB510340EA27
:1006B0005C00B3EB910F24BFA3EB910340EA9C00D5
:1006C000B3EBD10F24BFA3EBD10340EADC001B0145
:1006D00018BF5FEA1C1CE0D1FD2A3FF650AF8B42E9
:1006E00040EBC25008BF20F0010070470CF0004CF6
:1006F0004CEA50207F32C2BFD2F1FF0340EAC25021
:10070000704740F400004FF00003013A37E792F0E1
:10071000000F00F0004C02BF400010F4000F013A3F
:10072000F9D040EA0C0093F0000F01F0004C02BF3A
:10073000490011F4000F013BF9D041EA0C0195E7A3
:100740000CEAD15392EA0C0F08D142027FF47DAF3C
:1007500093EA0C0F7FF470AF084676E793EA0C0F2C
:1007600004D14B023FF44CAF08466EE730F0004C2A
:1007700018BF31F0004CCAD130F000427FF45CAFBA
:1007800031F000437FF43CAF5FE700BF4FF0FF3C28
:1007900006E000BF4FF0010C02E000BF4FF0010C7B
:1007A0004DF804CD4FEA40024FEA41037FEA226C44
:1007B00018BF7FEA236C11D001B052EA530C18BF66
:1007C00090EA010F58BFB2EB030088BFC81738BFCB
:1007D0006FEAE17018BF40F0010070477FEA226CB9
:1007E00002D15FEA402C05D17FEA236CE4D15FEAB5
:1007F000412CE1D05DF8040B704700BF84460846E9
:100800006146FFE70FB5FFF7C9FF002848BF10F1A9
:10081000000F0FBD4DF808EDFFF7F4FF0CBF0120EE
:1008200000205DF808FB00BF4DF808EDFFF7EAFF78
:1008300034BF012000205DF808FB00BF4DF808ED33
:10084000FFF7E0FF94BF012000205DF808FB00BF28
:100850004DF808EDFFF7D2FF94BF012000205DF8AE
:1008600008FB00BF4DF808EDFFF7C8FF34BF0120BB
:1008700000205DF808FB00BF2DE9F04700F08CF97F
:1008800000B9FEE701F0E4FB0028FAD002F0CCFC4E
:100890000028F6D001F0E4FF0028F2D003F0E4FCD9
:1008A00000F052FB02F00AF902F082FF00241F4D13
:1008B000DFF87C801F4EA146012702F089FE18B1A7
:1008C00001F018FC2F70F8E72B784BB3287088F8EC
:1008D000009001F023FC04F06BFC824601462046A8
:1008E00001F0A6FC2046514604F016F82046514679
:1008F00003F0B6FA2046514601F082F83368AAEBBD
:100900000303632B84F00104D7D95046C6F800A036
:1009100002F032F800F0EEFD504602F093F8CCE71A
:1009200098F80030002BD6D0D1E700BF8802002015
:100930000000002084020020024B4FF000629A6009
:10094000704700BF00ED00E01B4B00B5986D40F014
:10095000020098659B6D95B003F0020344220021CC
:10096000009303A8009B0AF0A3FE144B144A1B68D3
:100970001449A2FB03239B0C013B4FF0FF3201A85B
:10098000CDE90113049209F065FA18B1002015B001
:100990005DF804FB01A809F001FB0028F6D102462E
:1009A0000146152005F042FA152005F07DFA0120D8
:1009B00015B05DF804FB00BF0010024004000020E9
:1009C00083DE1B4300040040024A136801331360B6
:1009D000704700BF900200200249034A00234B6287
:1009E00013607047000400409002002008B504F036
:1009F000FBFB40F26943984206D940F279439842A2
:100A00000CBF0220002008BDB0F58D6F34BF002060
:100A1000022008BD014B1868704700BF8C020020FF
:100A2000034A044B10685B6A43EA0040704700BF0A
:100A30009002002000040040014B1868704700BF7E
:100A40009002002010B58EB004463422002101A887
:100A50000AF02EFE01A806F02FFE022C06D0032C71
:100A600016D0012C0AD000200EB010BD079B13F049
:100A7000806F0CBF012002200EB010BD079B03F455
:100A8000E063B3F5806F14BF012002200EB010BDEB
:100A9000079B13F0806F14BF012002200EB010BD21
:100AA00030B58FB0044601F079F910B134200FB0A1
:100AB00030BD04F099FB40F26942904205D8B0F590
:100AC0008D6F06D236200FB030BD40F27942904291
:100AD000F8D13422002101A80AF0EAFD01A806F0AD
:100AE000EBFD022C32D0032C41D0012CEAD1079B24
:100AF00003F4E063B3F5806F26D03022002102A812
:100B00000AF0D6FD4FF48063CDE90643042201923A
:100B1000204B9A694CF2FA3142F070429A611961A5
:100B200006F06AFAA0BB06F087FA88BB01A806F0B7
:100B3000A7FB044606F094FA054606F071FA44EA6B
:100B400005030343DBB21BBB0220B0E7079911F09A
:100B50008061F9D1302202A80AF0AAFD04214FF4E5
:100B6000C4424FF04863CDE906230191D0E7079BCB
:100B70005B01E9D53022002102A80AF099FD042189
:100B80004FF4C4424FF00863CDE906230191BFE75B
:100B90003B208CE70020024070B5B6B004F0E4FAC8
:100BA00018B10024204636B070BD4A4DAB6D43F0FD
:100BB0008053AB65AB6D03F0805300930446009BFC
:100BC00007F084FF2B6E012633432B662B6E1494A3
:100BD000334021204FF48031CDE9120101930321EC
:100BE0000F20CDE91A16019A17941422032102232B
:100BF000CDE906011C9212A84FF48062CDE915449C
:100C0000CDE91863CDE91D33CDE9092208941F937E
:100C100008F036F80028C4D1082106A808F0A8FA80
:100C20000028BED10146502222A80AF041FD4FF40F
:100C300040524FF0807321A821922F9308F0C6FBF9
:100C400004460028ADD14FF00053CDE90C034BF61C
:100C50007F322223CDE90F230CA8202311930E9479
:100C600008F0ECFFEB6C3343EB64EB6C3340029326
:100C7000029BEB6C43F00203EB64EB6C03F00203AA
:100C80000393039BEB6C43F00403EB64EB6C03F006
:100C900004030493049BEB6C43F02003EB64EB6CC4
:100CA00003F020032246214605934FF0FF30059BB9
:100CB00005F0BCF84FF4805008F010FD064B1860AA
:100CC000FFF742FE044600283FF46BAF3046FFF7C3
:100CD000E7FE67E7001002408C020020FF2818D8CA
:100CE0000D4AB2F8E0100D4A4FF6FF7399420ED04C
:100CF0000B490C4BD1F8E01503EA812303F10063A3
:100D00000130A3EBC020824288BF00207047064B11
:100D1000F6E70020704700BF0075FF1F8CBF00087A
:100D20000070FF1F00FCFF0300000808FF2841D8E7
:100D3000F0B53B4B0E46B3F8E0103A4B15464FF674
:100D4000FF72914287B02CD0374A384CD2F8E02558
:100D500004EA822404F100640130A4EBC024A3421D
:100D600025D8B5F5FA6F22D823884FF6FF72934243
:100D700008BF00239D4206D12A463146A01C0AF036
:100D80005FFC002845D02A4B9A6942F070429A6174
:100D90004CF2FA321A6106F02FF968B1352007B02B
:100DA000F0BD244C0130A4EBC024A342D9D93D208E
:100DB00007B0F0BD3D20704704F17843DB0A04938F
:100DC00000220123CDE9022301A9012302A80593F2
:100DD00006F07EF9F8B9C5B12A4631460746B01C7F
:100DE0000AF04CFCC6F1080026F8085909350444FD
:100DF000C5F3CC05A1190020F6E9022306F042F85C
:100E00000137BBB238B99D42F4D806F009F9022087
:100E1000CEE70220CCE706F003F93520C8E700BF93
:100E20000075FF1F8CBF00080070FF1F00FCFF0350
:100E30000020024000000808FEE700BFFEE700BFF8
:100E4000FEE700BFFEE700BFFEE700BF704700BF40
:100E5000704700BF704700BF08B504F09DF9BDE8BA
:100E6000084005F049B800BF014806F031BF00BF97
:100E7000380F0020014806F02BBF00BF380F0020BC
:100E800008B5002000F0E0FFBDE8084005F036BFDF
:100E9000014805F067B900BF2808002070B5164664
:100EA000054608461C4601F041FEB6F1005F19D028
:100EB000049B8BB1002C14BF31231E2302B2D2003D
:100EC000102894BF02F11A0002F11E00059AB2F533
:100ED000801F15D0184470BD54B908232F2213FB6E
:100EE000002070BD44B3B4F1804F27D03123E5E733
:100EF000B4F1804FFAD10823432213FB002070BDC8
:100F0000D5E959211144D5F8602101FB02220C4991
:100F100001FB02F2D5E9551421440131B2FBF1F293
:100F20000849D5F85041B2FBF4F202FB00F0A1FBF6
:100F3000002003EB904070BD2F2070BD432070BD9A
:100F400040420F0083DE1B432D4B2DE9F04F9A6D7D
:100F50002C4CDFF8B4A0DFF8B490DFF8B4802D4F4C
:100F60002D4E42F000729A659B6D87B003F00073BE
:100F700000930025009BAB46F022002104F5D070C1
:100F8000C4E95EBBC4F850B1C4F860B1C4F88CB118
:100F9000C4F89CB184F870B184F890B20AF088FB70
:100FA000284603F0C1F85AF8042B002A4FF001013B
:100FB0000BDB1A4BCDF814B0CDE9012153F8250015
:100FC00001A9CDE903BB06F085FC59F8041B18F80C
:100FD000012B05920220CDE90110032257F8040BE2
:100FE00001A9CDE903B206F075FC56F8042B226086
:100FF00004F5257415B107B0BDE8F08F0125BBE7F6
:10100000001002409802002024000020140000205C
:10101000080000201C0000200C0000202C000020F4
:101020002DE9F043A14E4FF4257303FB006383B019
:1010300093F87021002A40F08180D3F85031002BC2
:1010400078D096F8703105460F4683B996F8043487
:101050006BB903F1804303F504339A6B42F00072DD
:101060009A639A6B22F000729A63FFF7B5FC2846E8
:1010700003F05AF8284600F0EFFE0021084601F080
:101080007BF80021012001F077F8894A4FF425749C
:10109000525D04FB056402F0010222740122002368
:1010A000A274D4F8782163606374E3636263A3601D
:1010B000D4F87C21D4F85431A263E361D4F86021E0
:1010C000D4F85831D4F850112362D4F85C31E76079
:1010D0006161A361002A40F08480FFF79BFC754B9F
:1010E000984223D94FF42577734B05FB07F7F41982
:1010F000A3FB0030D4E955321A44D4F8503102FB36
:10110000033307F5B872324400214FF47A7C800C27
:101110000CFB03F3B3FBF0F0C4F88401A2F8031056
:10112000204684F8711105F06DF858B1352003B0F0
:10113000BDE8F0833A2003B0BDE8F083342003B06B
:10114000BDE8F0830146204605F0ACFA0028EDD159
:101150000221204605F0BAFA0028E7D10122102129
:10116000204605F02DFD0028E0D102464FF46041F5
:10117000204605F03BFD80460028D7D1204605F0EB
:10118000DDFAD4F86031C4F8948173B1D4E95921FF
:101190000A4402FB03333221484A03FB01F1A2FB5C
:1011A000013149094B1E3E2B70D94FF4257303FBC7
:1011B0000563D3E95E2302EB0309B9F1000F46DDB5
:1011C000643737444FF0000801E0C1453FD039464D
:1011D000204605F013FA08F1010818370028F4D06A
:1011E000A4E7FFF717FCD4E959373B44D4F8602152
:1011F000B0FBF2F20133B2FBF3F7D4F85021CAB9D5
:101200004FF4257305FB03F3F11803F5B070BA42F0
:1012100034BF4FF440724FF480728A6031183758EF
:10122000D1E901402033C9683344C3E90171C3E9FE
:10123000034052E7FFF7EEFBD4E955321344013384
:10124000D4F85021B0FBF2F0B0FBF3F2D8E74FF442
:10125000257303FB0566D6E95E32D34214BF012233
:101260000022002311460093204605F0F9F920469C
:1012700005F076FA014600287FF458AF284600F0C2
:1012800097FF012386F87031022054E74246C4F8E4
:101290009411204605F02EFA00287FF447AF20462F
:1012A00005F03AFA002880D040E700BF98020020FD
:1012B000940200203F420F0083DE1B431F85EB5149
:1012C00038B5274C94F870310BB32046002505F053
:1012D0005FFA204605F012F92946F02204F5D07095
:1012E000C4E95E55C4F85051C4F86051C4F88C513B
:1012F000C4F89C5184F8705184F890520AF0D8F9DF
:10130000284602F011FF0121284600F051FF94F811
:10131000043403B938BD134805F03AFA114805F012
:10132000EDF80021F0221048C4F8E413C4F8F413D7
:10133000C4F80C14C4F81014C4F82014C4F8301401
:1013400084F8041484F824150AF0B2F9012002F09C
:10135000EBFE0121BDE83840084600F029BF00BF80
:10136000980200202C050020CC060020F8B5174F6D
:101370004FF4257500FB05F57C1994F8703103B91D
:10138000F8BD0646204605F003FA204605F0B6F8FB
:1013900005F5D0750021C4E95E11C4F85011C4F8F8
:1013A0006011C4F88C11C4F89C1184F8701184F891
:1013B00090127819F0220AF07BF9304602F0B4FE60
:1013C00030460121BDE8F84000F0F2BE980200204E
:1013D0002DE9F8432A4E4FF4257404FB00640546BA
:1013E000D4F860810F469146B8F1000F13D1D4F8BC
:1013F0005031FBB900237B614FF4257404FB056475
:101400004A463946204605F033FA30BB237C012B8F
:101410002AD0BDE8F883FFF7FDFAD4E95932134426
:101420005A1CD4F85031D4F86011B0FBF1F8B8FB75
:10143000F2F87BB1FFF7EEFA4FF4257101FB05617D
:10144000D1E9553213440133D1F85021B0FBF2F009
:10145000B0FBF3F39845CFD8CCE728460122BDE88E
:10146000F843022100F008BD03F0A2FED4F89C313D
:10147000C4F898010133C4F89C31BDE8F88300BF7B
:101480009802002038B5184C4FF4257303FB004434
:1014900094F870312BB1D4F838311BB194F8713114
:1014A0007BB138BD94F87121002AFAD0054684F842
:1014B00071310E4902F00CFD2846BDE8384000F0BD
:1014C000BBBD012384F87131094902F001FD0721F8
:1014D000204605F035FA204605F05AF92046BDE8C9
:1014E000384005F03DB900BF98020020C4BF000895
:1014F000A4BF00082DE9F843244C254F254EDFF802
:1015000098804FF0000994F8703153B3D4F88C21CF
:101510003AB3D4F890319A422DD8D4E9603503FB20
:1015200005F56D09A7FB0535ED0940F2654303FBA1
:1015300005F5B5FBF2F5B54226D842F20F739D4290
:101540001DD894F8885125B100252946484602F057
:1015500099FC0023C4F88031012384F88851C4F831
:10156000903104F52574B9F1000F01D0BDE8F8837E
:101570004FF00109C7E70133C4F89031F1E7A8FB48
:101580000535C5F34735E0E76325DEE7980200201F
:10159000C55A7C0A3F420F005917B7D138B54FF4EE
:1015A0002575234C05FB00F0251895F87051002D8A
:1015B0003CD131B3511E1F2936D8591E1F2933D8AB
:1015C000049901390F292FD8059901390F292BD8F2
:1015D00000F5B0700444C4E90023049BA360059B9C
:1015E000E360FFF717FAD4E9013212492468134483
:1015F0005A1CB0FBF4F3B3FBF2F38B4214D8022075
:1016000038BD511EB1F5007F0ED2591EFF290BD8EF
:10161000049901397F2907D8059901397F2903D811
:1016200000F5A8700444D6E73D2038BD342038BD0D
:101630009802002000127A00354B1B5CDB063CD57B
:101640002DE9F04F334F4FF4257303FB0073B3B014
:10165000DB68044603BB6E464FF4257504FB05F5B5
:1016600005F5A8723A442C49304601F08BFA304611
:10167000FEF7D6FD05F5B0723D443A4427493044A3
:1016800001F080FAD5F86071C7B93146204602F002
:101690001FFC33B0BDE8F08F013B032B96BF204AFF
:1016A000204A52F8232020496E4630460AF008F8B6
:1016B0003146204602F00CFCCEE770473046FEF77C
:1016C000AFFDD5F850B1194DDFF864A0DFF8649094
:1016D00006EB000E844600F111080FCD46F80C0011
:1016E000CEF80C302B88CEF80410CEF80820BB457D
:1016F0000CBF51464946AEF8103006EB080009F021
:10170000FFFF3146204602F0E3FB33B0BDE8F08F27
:10171000940200209802002010C0000818C00008A1
:101720009CC00008ECBF0008FCBF000820C00008F7
:10173000F4BF0008F8BF0008F8B53F4D4FF4257E10
:101740000EFB005EDEE95E4707EB040CBCF1070F01
:1017500018DC002940F2FF7418BF6FF06044944217
:1017600010D39C420ED39EF870618EB1BCF1010F74
:1017700006D1A7F10107B7FA87F77F098F4203D097
:101780003420F8BD3D20F8BD0024CEE95E44A446D7
:10179000E9B14FF4257100FB01F10CEB4C0C01EBAE
:1017A000CC0C2944AC44CCE91D23D1F87C31CCF8D5
:1017B00068300133C1F87C314FF08043CCF864309D
:1017C00002240123CCE91B43DEB90220F8BD4FF40B
:1017D000257400FB04F40CEB4C0C04EBCC0C2C44F7
:1017E000AC44CCE91D23D4F87831CCF8683001330F
:1017F000C4F8783102220123CCE91B23CCF8641011
:10180000E2E74FF4257303FB00F02F18D7E95E637E
:101810001E44002ED9DD64300544002401E0A642B8
:10182000D3D02946384604F0E9FE013418350028A3
:10183000F5D03520F8BD00BF98020020064B4FF4CC
:10184000257202FB003090F870311BB9C0E95E339D
:1018500002207047342070479802002038B59DF868
:1018600010409DF814E0002B46D0884242D0012958
:1018700040D8002CDDF818C040F2FF7518BF6FF09B
:101880006045654536D3DDF81CC0654532D3132A63
:1018900030D84FF4257C224D0CFB00FC02EB4202B9
:1018A0000CEB82022A4482F8A03182F8A311DDE910
:1018B000063182F8A241C2F8A81103EA010405F139
:1018C000F00182F8A1E1C2F8A44105EB0C036144E8
:1018D00093F8A02112B193F8A1411CB10C338B42B3
:1018E000F6D100224FF4257303FB0053022083F846
:1018F000902238BD3D2038BDFF2AC8D108494FF499
:10190000257200FB02F28C1802F5D072881884F858
:101910009032F022194609F0CBFE022038BD00BFFC
:10192000980200202DE9F0414F688CB0A7F1804E5D
:101930000023BEFA8EFE0D4616460968ADF8043047
:101940004FEA5E1EADF8083000F1F00C012402E011
:101950000C30604518D090F8A031002BF8D090F8EA
:10196000A2317345F4D1D0E969230B409342EFD102
:1019700090F8A131ABB390F8A33130336B440C3005
:10198000604503F8284CE6D1AB680593D5E90323FD
:101990000024CDE906234FF40003CDE90A34DFF833
:1019A0005C80CDE9031701AF3B5D93B102AB1B5DDA
:1019B0007BB998F8703163B1D8F86031C3B9069A31
:1019C000082A06D8CDE908332046324603A902F09A
:1019D00059FC08F5257814B10CB0BDE8F08101245C
:1019E000E2E790F8A33130336B4403F82C4CAFE7B7
:1019F000AB6909936B690893E6E700BF9802002082
:101A00002DE9F043BD4D4FF4257600FB06F6AF19E6
:101A1000C1B097F8703113B941B0BDE8F083044606
:101A200088463C22002118A8179109F041FE03A91D
:101A3000384605F033F8F0B9B14B1B5D980703D574
:101A40000B9B002B40F04F814FF4257303FB045395
:101A5000DA68002A00F0A5804FF4257303FB0453D5
:101A60002046D3F89C21002AC4BF02F1FF32C3E90B
:101A7000668200F0A7FB17AB0DAA4021384604F0A0
:101A80006FFF002800F0F88017AB0DAA41213846FF
:101A900004F066FFE8B94FF4257303FB045393F891
:101AA0009032002B40F0B7804FF4257303FB0453B2
:101AB000D3F88C21002A40F08B804FF4257303FB70
:101AC00004532046D3F880110A44C3F8802100F063
:101AD00093FB4FF4257909FB04F955F809301A6D89
:101AE000D10400F19E801A6D520700F1A8801B6D91
:101AF0009B0600F1B48006F59276A919384605F0E8
:101B00001FF84FF4257303FB0453D3F89C21002ADC
:101B100005DDD3F8982102F5FA72424564D94FF4F5
:101B2000257303FB045393F873211AB993F87021BA
:101B3000002A69D14FF4257303FB045595F87431DD
:101B4000002B7FF469AFD5F89431002B3FF464AFDC
:101B5000D5F84C219342BFF45FAF7E2A3FF65CAFCD
:101B6000012385F87431FEF755FF664B98427FF6E6
:101B700053AFD5F89431D5F84C21D21A624BA3FB60
:101B800000134FF47A719B0C01FB02F227A85F4906
:101B9000B2FBF3F209F094FD27A9204602F098F970
:101BA0003AE7D3F88C0148B1089B0193099B009355
:101BB0000699DDE904323846FFF770F94FF42573D2
:101BC00003FB0453D3F880211044C3F8800143E79A
:101BD000129B0193139B00931099DDE90E32384656
:101BE000FFF75CF9024668E70026C3F89C6107210D
:101BF000384604F0A5FE204602F096FA324610213F
:101C0000204600F039F98AE70122204683F8732143
:101C1000FFF712FD8EE717AA0DA93846FFF782FEDF
:101C200042E700220221204600F026F955F809304B
:101C30004FF480521A651A6D52077FF558AF002293
:101C40000121204600F018F94FF4257304FB03F33B
:101C50000422EB581A651B6D9B067FF54CAF0022E2
:101C60000121204600F008F94FF4257304FB03F32B
:101C70002022EB581A653EE7FEF7DEFE149B17AAFA
:101C800043EA00430DA92046149302F0C1FC4FF42F
:101C9000257303FB045393F89032F3B94FF4257383
:101CA00003FB0453D3F88C2152B1129B0193139B75
:101CB00000931099DDE90E323846FFF7EFF802463F
:101CC0004FF4257303FB04532046D3F880110A44D4
:101CD000C3F8802100F090FAD6E617AA0DA938467D
:101CE000FFF720FEDAE7FEF7A7FE0A9B03A943EA07
:101CF000004320460A9302F0C7FEA5E698020020A2
:101D0000940200203F420F0083DE1B4334C00008D2
:101D100038B50C4B53F82030002B11DD0D460A4925
:101D200004462A4651F8200099B205F0CBFE074838
:101D30004FF4257303FB0404012084F8725138BD6D
:101D4000002038BD240000202C0000209802002034
:101D5000084B53F82030002B09DD074B4FF4257258
:101D600002FB0033012093F872310B7070470020A2
:101D7000704700BF2400002098020020642908D882
:101D8000054B4FF4257202FB00330220C3F88C117F
:101D900070473D20704700BF98020020034B93F826
:101DA000700108B993F80404704700BF980200203E
:101DB000034B4FF4257202FB003393F87001704718
:101DC00098020020054B4FF4257202FB0033D3F834
:101DD0003001003818BF0120704700BF9802002072
:101DE000054B4FF4257202FB0033D3F86001003835
:101DF00018BF0120704700BF980200200A4B4FF423
:101E0000257202FB003090F870314BB1C368022B91
:101E100008D0D0F83831002B0CBF02203820704792
:101E200033207047392070479802002008B5054BD1
:101E30004FF4257202FB003004F0BCFE003818BFDE
:101E4000012008BD98020020024B4FF4257202FBCE
:101E50000030704798020020064900EB800001EB3B
:101E60008002800000230B50C2E90133C2E9033332
:101E7000704700BFC0070020094B00EB800000B591
:101E80004FEA800E03EB800090F809C041EA0C0194
:101E9000417212B1012203F80E205DF804FB00BF6D
:101EA000C0070020024B142202FB003008307047AC
:101EB000C00700202DE9F04F5D4B1B5C1B0793B062
:101EC00004D40025284613B0BDE8F08F04460F4621
:101ED000FFF76EFF05460028F3D02046FFF7B4FF5A
:101EE00007A904F02DFE2046FFF7AEFF03A904F07A
:101EF0004FFE0B9B4F4E4FEA84082BB104EB84033B
:101F000006EB830310221A720A9B002B3BD10C9B19
:101F1000002B41D108EB040306EB83031A7A1AB9AC
:101F20009A7B0AB101225A7308EB040306EB830380
:101F3000039ADA729A7A049919736AB9089A12B1F3
:101F4000072A18BF9A72079B33B1072B04D008EBFE
:101F5000040206EB8202937208EB0403990016F860
:101F6000232006EB8309F2B100237354444406EBAB
:101F70008406B068B389C6F80E002846776073827D
:101F800013B0BDE8F08F08EB040306EB83030C9A53
:101F900020211972002AC7D008EB040306EB830343
:101FA00030221A72C0E704EB840A4FEA8A0A0AF167
:101FB000080306EB030B06215846019300F0A6FD2B
:101FC000019B20B199F80D20002A3FF47AAF08EB6D
:101FD000040206EB8202117A302925D008EB0402B4
:101FE00006EB82025268BA1A632A7FF66AAF0AF1D8
:101FF0000E0AF15A36F80A309942B244B6D1BBF80B
:102000000210BAF8023099420BF1020B0AF1020AEF
:10201000ACD1BBF80210BAF802309942A6D140F612
:10202000B7339A42A2D84CE7927B302A9ED1D5E7AB
:1020300094020020C0070020044A1421082301FB59
:1020400000301118002313508B807047C007002008
:102050002DE9F047012386B00024CDE90234CDE913
:10206000044400F0EBFA1F4F1F4EDFF88090DFF8BA
:10207000808057F8043BE5B2002BAA4601A904DB97
:1020800059F82400019305F025FC56F8043B002B79
:1020900001A9284609DA012100F06CFB284601213C
:1020A00000F092FB84B90124E3E758F8240001937F
:1020B00005F010FC5046012100F05CFB5046012168
:1020C00000F082FB002CEED0042301A94FF09040D9
:1020D000019305F0FFFB012000F09EFB012006B0FC
:1020E000BDE8F08734000020440000203C000020C0
:1020F0004C00002008B50021084600F03BFB002101
:10210000084600F061FB0021012000F033FBBDE830
:1021100008400021012000F057BB00BF10B5082483
:102120000121002000F026FB0021084600F04CFBB6
:102130000121084600F01EFB0021012000F044FBB5
:102140004B2003F03BF80021084600F013FB01216F
:10215000002000F039FB0021012000F00BFB0121E1
:10216000084600F031FB4B2003F028F8631E13F003
:10217000FF04D5D110BD00BF70B50C4E06EB401664
:10218000337F8B4210D0317705460C4603F010F8B0
:10219000503021467061284600F0ECFA214628466E
:1021A000BDE8704000F010BB70BD00BFE807002024
:1021B000034B03EB40131B7F03B1704700F004BBDC
:1021C000E807002038B50B4C04EB4014237F0BB913
:1021D000636803B138BD054602F0EAFFE368C01A40
:1021E0002828F7D90121284600F0EEFA02F0E0FF96
:1021F000606038BDE8070020F8B50C4D05EB4016CF
:10220000337F13B94701EB5903B1F8BD044602F01F
:10221000CFFFB368C01A2828F7D90121204600F063
:10222000A9FA02F0C5FFE851F8BD00BFE807002099
:102230002DE9F843404E06EB401504462B7F8846B7
:1022400023B16B698B423ED9BDE8F8834701FFF7A4
:1022500029FE0378302B29D02046FFF723FE90F883
:102260000190B9F1000F21D12B7C002B47D1F359FC
:10227000F51923B1F359A8EB03030F2B4AD8F5192D
:102280006B6823B16B68A8EB03030F2B4BD8204678
:10229000FFF78EFD0028D7D13E44337F002BD3D1EA
:1022A00020460121BDE8F84300F08EBA0121204606
:1022B00000F060FA3E440121204600F085FA012337
:1022C0003374BDE8F883AB69013303F00301A1F176
:1022D0000101B1FA81F1AB61490900F075FAA96910
:1022E00001F00301A1F10301B1FA81F1204649098E
:1022F00000F040FA6B6950336B61BDE8F8834946E2
:10230000204600F037FA4946204600F05DFA85F88D
:102310001090ACE70021204600F02CFA0023F35186
:10232000C5F80880ABE70021204600F04DFA0023F5
:10233000C5F80C806B60AAE7E80700202DE9F04F94
:1023400000EB40039C49CC5CCA189C49CF5CA74277
:1023500001EB03058FB053784FEA400600F022816D
:10236000927814F0800F0CBF4FF0280A4FF0880AC3
:1023700014F0400F0CBF4FF028094FF0880914F0FB
:10238000200F06EB00050CBF4FF028084FF088081F
:1023900014F0100F0CBF2827882714F0080F4C5595
:1023A00029440CBF2825882514F0040F0CBF2826CB
:1023B000882614F0020F0CBF4FF0280C4FF0880C49
:1023C00014F0010F0CBF2824882413F0800F0CBFD9
:1023D0004FF0280E4FF0880E13F0400F0CBF4FF057
:1023E000280B4FF0880B13F0200F03940CBF282408
:1023F000882413F0100F0B950CBF2825882513F0A7
:10240000080F0C960CBF2826882613F0040FCDF871
:1024100034C00CBF4FF0280C4FF0880C13F0020FA3
:10242000CDF810E00CBF4FF0280E4FF0880E13F0DF
:10243000010F4B700CBF2823882312F0800F0293EA
:102440000CBF2823882312F0400F08960CBF2826C3
:10245000882612F0200F07950CBF2825882512F03A
:10246000100F06948A700CBF28248824CDF814B06D
:1024700012F0080F4FF018014FF0500BCDF828E084
:10248000019308BF4FF0280E10FB01F318BF4FF067
:10249000880E11FB00B112F0040F4948CDF824C09A
:1024A0000CBF4FF0280C4FF0880C12F0020F20F8F0
:1024B00011A00CBF2821882112F0010F03F1510255
:1024C000DDF814B020F8129003F1520220F81280C7
:1024D00003F1530220F8127003F154020B9F20F80D
:1024E000127003F155020C9F20F8127003F156028E
:1024F0000D9F20F8127003F15702039F20F812700D
:1025000003F15802049F20F8127003F1590220F8D9
:1025100012B003F15A02069F20F8127003F15B0219
:10252000079F20F8127003F15C02089F20F81270D8
:1025300003F15D02099F20F8127003F15E020A9F09
:1025400020F8127003F15F02029F20F8127003F16D
:102550006002019F20F8127003F1610220F81260FE
:1025600003F1620220F8125003F1630203F16605E1
:1025700020F8124003F1640208BF282420F812E07A
:1025800003F1650203F1670320F812C018BF882425
:102590000C4A20F8151020F81340012313700FB0D7
:1025A000BDE8F08F6F7892789F427FF4DAAEAD7815
:1025B00095427FF4D6AEF2E78C0900209409002002
:1025C0008808002054000020194B02689A4200D06D
:1025D000704703F5033330B59A6D164D164942F036
:1025E00002029A659B6D296083B003F00203019398
:1025F0003E211023C5E9011300228023C5E90323EE
:102600004FF480714FF48063C5E90513044620221E
:1026100001984FF400532846C5E9072303F070FCE6
:1026200008B172B6FEE7A562AC6203B030BD00BF70
:102630000004004028080020080002402DE9F04373
:10264000464F3C7895B014B115B0BDE8F083444EC8
:10265000444DB36C43F00403B364B36C03F0040360
:102660000093009BB36C43F00103B364B36C03F0BD
:1026700001032246214601930B20019B03F0D6FB68
:102680000B2003F011FCC5E90144C5E90544CDE97F
:102690000444CDE90D44CDE90F44CDE91144039440
:1026A0000C942C61C723304C2C602846EB6007F05B
:1026B000B7FC08B172B6FEE70390059003A928465F
:1026C00008F062F908B172B6FEE70E9010904FF074
:1026D00060084FF000090CA904222846CDE90C89B6
:1026E00008F04CF808B172B6FEE72A680A90A242D8
:1026F000CDE90600CDE9080018D04FF480721B48E0
:10270000002108F0D5FF1A4B1A7812B901233B704B
:102710009AE70022042113481A7007F08FFE134A2B
:1027200010488023042107F01FFDEFE7F36C43F00E
:102730000103F364F36C03F0010302938024022588
:102740000322022306A94FF09040CDE90645CDE9CA
:102750000923029C05F0BEF8CFE700BF88090020DE
:10276000001002409C09002000040040880800205E
:1027700054000020012828BF01200F4B00EB40022D
:102780001344002914BF0F22002210B59A70FFF7DE
:10279000D5FD0A4B1A7802B910BD00220421084861
:1027A0001A7007F04BFEBDE81040064A044880232B
:1027B000042107F0D9BC00BF8C0900205400002080
:1027C0009C09002088080020012828BF01200E4A0B
:1027D000002900EB400314BF0F21002110B5D15494
:1027E000FFF7ACFD094B1A7802B910BD0022042195
:1027F00007481A7007F022FEBDE81040054A044859
:102800008023042107F0B0BC8C0900205400002074
:102810009C0900208808002000280D4B14BF0F22BF
:10282000002210B500205A70FFF788FD094B1A7876
:1028300002B910BD0022042107481A7007F0FEFDFE
:10284000BDE81040054A04488023042107F08CBCF1
:102850008C090020540000209C09002088080020DA
:1028600030B500258DB0224C03952022294604A8BE
:10287000CDE9015508F01CFF4FF0A0424FF40033A2
:10288000C4E90023204604220123C4E90255C4E917
:102890000455C4E90B55A261A583236284F8245032
:1028A00084F83850E56384F8405002F0A5FC10B17C
:1028B00000200DB030BD034601A92046019303F06E
:1028C000F3F90028F4D10B4A0623CDE904230022B2
:1028D0007F23CDE9062304A9042200232046CDE965
:1028E000082302F055FEB0FA80F040090DB030BD6B
:1028F000EC0900200200300410B504469CB0002111
:10290000542207A8CDE90211CDE90411069108F07F
:10291000CFFE2368B3F1A04F01D01CB010BD4FF41F
:1029200000424FF0005307A80792189306F04EFD9F
:1029300008B172B6FEE70F4BDA6C42F40052DA646B
:10294000DA6C02F400520092009ADA6C42F0010252
:10295000DA64DB6C049003F001030193012203238A
:1029600002A94FF09040CDE90223019B04F0B2FF91
:10297000D3E700BF0010024008B5134803F010F978
:1029800011480A2102F05EFD00B108BD0E4802F0B8
:10299000FBFDFDF753FD0D49FDF7A8FD0C49FDF7C3
:1029A00059FE0C49FDF7A2FD0B4B0C491860FDF7D1
:1029B0003BFF20B1BDE808400120FFF72DBFBDE877
:1029C0000840FFF729BF00BFEC0900203333534014
:1029D00000F07F4533338F41E8090020000040417B
:1029E00008B5FEF76DFC0320FEF72CF8022802D193
:1029F000104B01221A700220FEF752F8022802D072
:102A0000362800D008BD0B4B1B7873B902F0D0FB01
:102A1000094B1860FDF7EAFF0138C0B2012806D85B
:102A2000064B074A1A60022008BD3C2008BD36202C
:102A300008BD00BF5C0A0020580A0020600A002080
:102A40000000FF1F70B51A4C23687BB3194B1B683D
:102A5000C01AB0F5967F29D34FF0E02300251D6101
:102A60005D619D6172B64FF0FF32C3F88021C3F8FB
:102A70008022C3F88421C3F88422C3F88821C3F8D4
:102A80008822C3F88C21C3F88C2202F031FB06F0B7
:102A900097F8094A236893601A6825605B6882F397
:102AA0000888BFF36F8FBDE87040184770BD00BF46
:102AB000600A0020580A002000ED00E030B40B4A04
:102AC0000B4B4FF400704FF48071C2E9000180207D
:102AD0008021C2E902012024202510201021C3E911
:102AE0000045C3E9020130BC704700BF780A0020EE
:102AF000680A0020034A044B002814BF10461846F9
:102B0000704700BF680A0020780A002000290BDD0A
:102B10000139431E084401E0834205D013F8012F18
:102B2000002AF9D00020704701207047082807D9F3
:102B3000093806289ABF034B18564FF0FF307047EC
:102B400040B27047E0C0000830280DD820280FD8C8
:102B500018280BD814280DD810280DD80C280DD8FB
:102B600008280DD840B270470F2070470D207047DD
:102B70000E2070470C2070470B2070470A207047CA
:102B800009207047F0B5136885B00E46002B4AD077
:102B90005368144692684FF47A7503FB0555134445
:102BA00001330746B5FBF3F5FDF734FFD4E9012304
:102BB0001A4401322368B0FBF3F3B3FBF2F31D4A6E
:102BC000934215D8B3F57A7F20D21B4A1B4C009252
:102BD0003246A4FB0564E408019404EB8404A5EBED
:102BE000440417490294384608F06AFD05B0F0BD68
:102BF000144A41F2C60103FB02F2B1EBB21F05D346
:102C0000114AA2FB03239B0C104ADFE7104A11492B
:102C100003FB02F2B1EBF20FD7D30F4AA2FB03235F
:102C20009B090E4AD2E70E49324605B0BDE8F04096
:102C300008F046BD3F420F0004C10008CDCCCCCC0B
:102C4000C4C000083961C26883DE1B43ACC0000801
:102C5000D578E92637894100D34D621084C0000839
:102C6000B0C0000830B5037803F06003202B89B0B2
:102C700004460BD0402B09D07BB1802000F010FD22
:102C8000002000F00DFD002009B030BDB04B204603
:102C90009B689847002009B030BD4378092BECD8D9
:102CA00001A252F823F000BF012D0008292D0008D1
:102CB0007B2C0008472D00087B2C0008592D0008AC
:102CC000912D00087B2C0008C92D0008D12C00088C
:102CD0008078A04C01282070CFD89F4D95F89C3269
:102CE000022B00F01181032B00F0FE80802000F009
:102CF000D7FC002000F0D4FC207800F0B3FAC2E743
:102D0000954890F89C32013B022BB6D8E188022905
:102D1000B3D1D0F8A032002B14BF0B46002340F8EB
:102D20000C3F00F035FAAEE78B4A92F89C32013B3B
:102D3000022BA2D84388012BA5D10023C2F8A032D0
:102D400000F056FA9FE74388012B9CD1824AC2F8D3
:102D5000A03200F04DFA96E78388002B8DD1C3880E
:102D6000002B8AD144887F2C87D87B4D95F89C32E4
:102D7000032B82D0E0B285F89E0200F0C1FC00F087
:102D800037FA002C00F0D780022385F89C327AE7CE
:102D90004088030A0022022BADF80A2000F096803A
:102DA000032B2AD0012B7FF468AF12216B48ADF8BA
:102DB0000A10E388002BCCD0994228BF1946ADF801
:102DC0000A1000F0E5F95EE7C18801297FF455AFEC
:102DD000614890F89C32022B08D8002B3FF44DAF8D
:102DE000002340F8083F00F0D3F94CE7032B7FF4B1
:102DF00044AF043000F0CCF945E7C0B2032800F23C
:102E00009E80DFE800F0464B2F025549D1F890052F
:102E1000D1F89825D1F894355249032502440095FC
:102E200003A808F04DFC03A8FDF7FAF9411C4E4B2E
:102E30009DF80C005D70490089B2ADF80A10197058
:102E400070B103AD02224FF0000C9854501CC0B278
:102E5000023203F800C015F8010FD2B20028F4D1F5
:102E60004148A6E73E21404BADF80A1040F23E3201
:102E70003E491A80002543221A54421CD2B2023025
:102E80009D5411F8012FC0B2002AF5D136483E21D9
:102E90008FE704213648ADF80A108AE7324B3548EF
:102EA0003A2140F23A32ADF80A101A804521022246
:102EB00000259954511CC9B202325D5410F8011F0B
:102EC000D2B20029F5D128483A2172E72A488378FE
:102ED000ADF80A30E388002B3FF43BAFBDF80A1091
:102EE00000293FF4D0AE67E7E0B1686801283FF4FD
:102EF00030AFC0B200F0B6F92078686000F0A8F9F1
:102F000002287FF426AFB8E600283FF422AF012064
:102F10000323686085F89C3200F09AF902287FF458
:102F200018AFAAE6022385F89C32686000F09AF98F
:102F300000F05EF9A7E6012385F89C32A3E60DF1C7
:102F40000A0102F03FF800283FF497AEC2E700BF45
:102F500068000020880C00208C0C0020DC00002081
:102F60000070FF1F28C10008880A002008C100085F
:102F700058000020E8C000089000002010B5037839
:102F800003F06002402A044609D05B0607D5802082
:102F900000F086FB002000F083FB002010BD0A4BF0
:102FA00093F89C32013B022BF1D82379022BEED807
:102FB000064B20469B689847E388002BEDD10028FC
:102FC000EBD100F015F9E8E78C0C00206800002038
:102FD00010B5037803F06003202B0AD0402B08D0F3
:102FE00063B1802000F05CFB002000F059FB002062
:102FF00010BD444B9B689847002010BD43788288E1
:10300000012B5FFA82FC3ED0032B2AD0002BE8D1A3
:103010003D4B93F89C12022950D00329E1D112F0C4
:10302000800F0CF00F0202EB820203EB820256D1FA
:10303000D2F85821002AD4D014240CF07F0204FBCB
:10304000023303F5AA74002A47D0604600F044FB1F
:10305000002850D0012323600221204600F098F878
:10306000C5E7294B93F89C32022B1DD0032BB8D116
:1030700043882BB91CF07F0F02D0C388002B3CD0B3
:1030800000F0B6F8B3E7204B93F89C32022B0BD03C
:10309000032BA6D14388002BA9D11CF07F0FEFD0C2
:1030A000604600F00BFBEBE71CF07F0F99D0604609
:1030B00000F0F6FA802000F0F3FA98E71CF07F04A5
:1030C0008FD103F5AA7012F0800F03F1140318BF1B
:1030D0001846046000F05CF889E72260BCE792695A
:1030E000002A3FF47EAF0CF07F02541C04EB8404F2
:1030F00003EB8404A7E72060AEE7604600F0D0FA57
:10310000BEE700BF680000208C0C00200B78037025
:103110004B784370CA788B7803EB022343804A795B
:103120000B7903EB02238380CA798B7903EB0223AB
:10313000C380704708B5802000F0B2FABDE80840AF
:10314000002000F0ADBA00BFE8B170B50E460446ED
:10315000FDF766F8431C0D4D5B009BB203223380E4
:103160002B706A70217861B12046022300245A1C1A
:10317000D2B2E954AC5410F8011F0233DBB200297B
:10318000F5D1024870BD0148704700BF880A002091
:1031900010B5064B0A46C3E9072201460224002067
:1031A000C3F8944200F0BAFA002010BD8C0C002045
:1031B00008B50A460146002000F0B0FA002008BD1C
:1031C00010B5064B0A46C3E95722014603240020E6
:1031D000C3F8944200F0B2FA002010BD8C0C00201D
:1031E00008B50A460146002000F0A8FA002008BDF4
:1031F00010B50022044B042411461046C3F8944233
:1032000000F08CFA002010BD8C0C002010B50022BC
:10321000044B052411461046C3F8944200F08EFA80
:10322000002010BD8C0C0020084B10B5012200249A
:103230001C7083F89C2200F0D1F908B1204610BD23
:1032400000F004FAB0FA80F0400910BD8C0C0020A8
:1032500008B5034B1B689847002818BF022008BD1B
:103260006800002008B5024B5B689847002008BD45
:103270006800002010B5164C014604F52970FFF7D0
:1032800045FF94F8A402B4F8AA22012100F01F031C
:103290008B42C4E9A51208D0022B12D05BB100F01A
:1032A000800000F0FDF9002010BD04F52970FFF743
:1032B00065FE002010BD04F52970FFF7D3FC002047
:1032C00010BD04F52970FFF783FE002010BD00BF7C
:1032D0008C0C002010B570B91C4A0B46D2F8941221
:1032E000032915D0052904460ED1C2F8940200F036
:1032F000D7F9204610BD164B9B693BB1134A92F893
:103300009C22032A02D19847002010BD022010BD44
:10331000D2E9580188420BD9401A8142C2F86001B3
:103320008CBF81B289B21846FFF75AFF002010BD4A
:10333000074B1B691BB192F89C22032A03D0FFF7AD
:1033400057FF002010BD9847F9E700BF8C0C002004
:103350006800002038B588B92F4DD5F89422022A8C
:103360001CD032F0040302D1802000F099F995F8C6
:103370009F32012B4FF000000DD038BD274B5B6909
:103380003BB1254A92F89C22032A02D1984700209B
:1033900038BD022038BD85F89F0238BD0B46D5E9FF
:1033A00008218A4229D8EB69B3FBF1F401FB1434FC
:1033B00084B999420ED8D5F8982293420AD2214670
:1033C000FFF7F6FE224621462046C5F8984200F057
:1033D000B5F9CCE7114BDB681BB195F89C22032AA9
:1033E00018D0802000F05CF9FFF710FF95F89F32AD
:1033F000012B4FF00000C0D1CDE7521A044691B224
:1034000018462A62FFF7D4FE22462146204600F0E5
:1034100095F9ACE79847E4E78C0C002068000020A1
:1034200070B5002140260F4C3246084600F01AF9CC
:103430000125324600218020C4F85851C4F8646147
:1034400000F010F9084BA5610020666284F89C52D8
:10345000C4F894026060C4F8A0025B68BDE87040E4
:10346000184700BF8C0C002068000020014B187426
:10347000002070478C0C0020044B042293F89C120F
:1034800083F89D1283F89C22002070478C0C00204A
:10349000054B93F89C22042A04BF93F89D2283F8DD
:1034A0009C220020704700BF8C0C002008B5074B01
:1034B00093F89C32032B01D0002008BD044BDB693C
:1034C000002BF9D09847002008BD00BF8C0C0020CD
:1034D000680000200E4A0F4B12689A4200D07047D5
:1034E00003F5DA3300B5996D41F4000199659B6DE0
:1034F00083B003F400030193142000220221019BF6
:1035000002F094FC142003B05DF804EB02F0CCBC94
:10351000380F0020005C004008B501F077FD00B1D5
:1035200008BDBDE808400148FFF7A4BED011002047
:10353000044B01EB810203EBC2030846D3F864118C
:10354000FFF7C8BE380F0020044B01EB810203EBEC
:10355000C2030846596AFFF7FDBE00BF380F0020BE
:10356000FFF7A4BF08B50120FFF780FFBDE80840C2
:10357000FFF756BF08B5084B01221A70FDF7A0FEF1
:10358000FFF77AFF054B5B7A23B1054A136943F0D5
:103590000603136108BD00BF14120020380F00207D
:1035A00000ED00E008B5074B5B7A23B1064A1369CA
:1035B00023F006031361FFF76BFF044B00221A7020
:1035C00008BD00BF380F002000ED00E014120020FD
:1035D000014B1878704700BF1412002008B5064848
:1035E0000649074A012380E80E0004F071FABDE89D
:1035F000084001F0B5BC00BF380F0020005C00405F
:103600000802000238B515461C46A9B11268D31845
:1036100001462B600C4843EA0243012205F020FAE0
:103620002B68E01D184420F00700B0F5806F28607B
:103630008CBF0020012038BD0A462B680146024895
:1036400005F00EFAECE700BF380F002008B504487B
:1036500004F028FB18B1022814BF0220012008BD85
:10366000380F0020844608B505480B46614605F032
:10367000E7F818B1022814BF0220012008BD00BFDE
:10368000380F002008B50146044805F011F918B1BB
:10369000022814BF0220012008BD00BF380F0020FF
:1036A00008B50146044805F069F918B1022814BFAD
:1036B0000220012008BD00BF380F002008B50146D8
:1036C000044805F095F918B1022814BF0220012022
:1036D00008BD00BF380F00200206084B06D400EBDF
:1036E000800003EBC00090F85201704700F07F00AB
:1036F00000EB800003EBC000807C7047380F002097
:1037000008B50146044805F087F818B1022814BF2F
:103710000220012008BD00BF380F0020844608B5F4
:10372000054813460A46614605F00AF918B1022811
:1037300014BF0220012008BD380F0020844608B5C0
:10374000054813460A46614605F0E0F818B102281C
:1037500014BF0220012008BD380F00200D48854607
:103760000D480E490E4A002302E0D458C4500433D9
:10377000C4188C42F9D30B4A0B4C002301E01360B0
:103780000432A242FBD3FDF7D7F807F035FFFDF76F
:1037900073F8FEE70000022000000020680200200D
:1037A000F4C100086802002050A10020FEE70000DC
:1037B000394B40F60F7270B51A8001F011FD374B8E
:1037C0003749384A59604FF40071374C9960126894
:1037D0000121D9704EF23B51002A21604FEA106559
:1037E0004FEA10414FEA10201D7059709870C8BF01
:1037F0004EF63B534FF00000C8BF2360FFF77AF945
:103800000646FDF707F901257368B1683268E36081
:10381000C4E90105F368A3612846C4E90451C4E979
:1038200007526562FFF766F9204B62685A602268AA
:103830001A6042681E4C9D62C3E90B2582685A6378
:1038400002681A64C268DD635D6403F1080C9A6360
:103850000FCCACE80F0094E80F008CE80F0001F0EB
:10386000C3FC144B144A154C1D4625F8020B03CA21
:103870001288C3F8020069602A8107CCC3F81B00D4
:10388000586B2478C3F81F1040F00100C3F82320C0
:1038900083F82740586370BD94020020C0120020B6
:1038A0001806260024000020501200207812002064
:1038B000581200201812002038C1000844C1000826
:1038C0002DE9F0414378162B92B000F09F80132B26
:1038D000044603D9914A107800284BD01B2B0FD8EF
:1038E000DFE803F0330E0E0E0E33330E0E0E0E0E07
:1038F0000E0E0E0E0E0E0E0E330E0E0E33574E4ED5
:103900006588012D00F38E800026EDB2B046284672
:10391000FEF74EFA20B3824F02233B7094F9003039
:10392000002B63783ADB1B2B1ED8DFE803F087956A
:10393000A21D1D1D1D871D1D951D871D1D1D1D1DE6
:103940001D1D1D991D97A01D1D9B65880026AD1B83
:1039500018BF01252846B046FEF72AFA0028DAD11A
:103960002846FEF749FCD6E731233B70002012B011
:10397000BDE8F0816A4B31221A7012B0BDE8F081C7
:103980006088FDF7ABF90646002852D00025A8460E
:10399000BDE7002594F802802E46B8E70022043BDC
:1039A000CDE900220292162BDED801A252F823F0B4
:1039B000A33A0008053B0008D33A0008693900081B
:1039C0006939000869390008693900080B3B0008AB
:1039D00069390008BD3A0008A93A000869390008A9
:1039E000693900086939000869390008693900082F
:1039F000FF3A000869390008693900086939000888
:103A000069390008DF3A0008773A0008444B012181
:103A10001B788DF81C3007A8FFF7BAFB012012B005
:103A2000BDE8F0813E4F322300203B7012B0BDE86C
:103A3000F0813B4F3D233B70002098E70422E38850
:103A40009342F0D320686168364B03C33648E1885F
:103A5000FFF7B6FB01208AE71422F0E70122EEE728
:103A60001122ECE7E388B3F5FA6FEBD9E2E70C2219
:103A7000E5E70822E3E730464FF6FF7230F8023BF5
:103A8000934248D0B3F5FA6F28BF4FF4FA63E18848
:103A9000994228BF1946FFF77BFB012012B0BDE811
:103AA000F08122482823F2E72846FEF781F9002812
:103AB00044D10423009368460C23E8E703A9284671
:103AC000FEF746F920B39DF80C30079307A80423AE
:103AD000DDE7FCF7A5FF0423079007A8D7E7B8F1B7
:103AE000010FA0D10220FCF7ADFF88B102280CBF66
:103AF00002230023ADF80C3003A80223C7E70C48CB
:103B00003823C4E70B480C23C1E70B484823BEE722
:103B100036233B702BE70023B9E700BFAC1A002027
:103B20005C000020A41A0020CC12002050120020BB
:103B300018120020C0120020781200202846FEF73C
:103B400083F907A902F0FCFF2846FEF77DF903A9D7
:103B500003F01EF8DDE903210B9BCDE901120BB147
:103B6000012300930A9B0BB1022300930C9B0BB122
:103B7000032300930C23684689E700BF30B5A74BA9
:103B80005888597885B0C4B21B2917D8DFE801F0EE
:103B9000B9182D161616166616161816711616165C
:103BA00016161616168216A80E1616B19C4B5A88B3
:103BB000012A00F020819B4B32221A7005B030BDE3
:103BC000974DD5E900232046A1F10A01EC68019444
:103BD000B1FA81F1AC680094134449092A69FDF7F0
:103BE000DDFC904B187005B030BD8D4D2B68012B5E
:103BF000E1D800F08D80FEF7D1F88B4A00B9107043
:103C00006B6859044ABF0121117811701807874A5F
:103C100000F1FB800F2010554FF0CF0C8F204FF09C
:103C20004F0E13F0100F1CBF02F804E0604651B1B4
:103C3000190448BF1055117841F0100111705178E6
:103C400041F0100151702968012900F0F18039B963
:103C5000204605B0BDE83040FDF788BB704B1968C1
:103C6000003918BF0121204605B0BDE83040FEF7FD
:103C700083BA6B4B1968A1F10101B1FA81F12046B9
:103C80004909FEF745F8002898D1664B36221A708C
:103C900005B030BD624D2B780E2B8CD801A252F8A6
:103CA00023F000BF8B3D0008753D00085F3D000814
:103CB000B73B0008B73B0008B73B0008B73B00081C
:103CC000B73B0008B73B0008B73B00085B3D000866
:103CD000AF3D0008973D0008D33D0008393D00087E
:103CE0004F4B20461978FEF749F84E4B187005B037
:103CF00030BDDA884A49FDF719F84A4B187005B00B
:103D000030BD474A12684BF6EF639A42BDD155E782
:103D10002046FEF74DF8002840F097806B68D805E4
:103D20007FF569AF2046FEF75BF800287FF463AFAC
:103D30003C4B3A221A7041E70123D5F80510D5F81B
:103D400001200193CDE902216A7AA97A00932046E5
:103D5000FDF784FD334B187030E70023EDE7D5F80D
:103D60000530D5F8012001212046FDF7E5FC2D4B5B
:103D7000187023E7D5F80530D5F80120002120463A
:103D8000FDF7DAFC274B187018E72046FDF756FDC3
:103D9000244B187012E7D5F80510D5F80120002043
:103DA000CDE9022101236A7AA97A0190CEE7D5F8FC
:103DB0000510D5F801200023CDE90221CDE900331B
:103DC0006A7AA97A01232046FDF748FD154B187041
:103DD000F4E6D5F80510D5F8012001230020CDE93F
:103DE0000221CDE900036A7AA97A2046FDF736FD63
:103DF0000C4B1870E2E61B88052B7FF4DCAE032029
:103E0000FCF74EFE074B1870D8E60E2010554FF009
:103E1000CE0C8E204FF04E0E03E700BFA41A0020F8
:103E2000CC1200205C000020AC1A0020940200207C
:103E3000DA070ED513F0020F0CBF02210321204632
:103E4000FDF7EEF8054B1870B8E6044B34221A70F3
:103E5000B4E613F0020118BF0421F0E75C00002073
:103E600010B50446FEF726F820B92046BDE81040FC
:103E7000FDF708BB204600F055FE2046BDE8104087
:103E8000FDF700BB38B50D4600F070FF044600F5A5
:103E90004C501C3000F052FFC0B103220F230272BD
:103EA0004372857272B6BFF34F8FBFF36F8F04F505
:103EB000405204F54C54D2F83033C2F830032C345D
:103EC000C0E90043186062B6BFF36F8F38BD00BF12
:103ED0001E4B1B5CDB0601D40020704770B50E46FC
:103EE00000F044FF054600F54C501C3000F026FF62
:103EF000044628B33046FCF793F94E28024621D8F1
:103F0000831CDBB223720E236372314604F10A0074
:103F100007F0A6FB72B6BFF34F8FBFF36F8F05F5A7
:103F2000405205F54C55D2F83033C2F830432C35A9
:103F3000C4E900531C6062B6BFF36F8F012070BDEF
:103F4000002070BD024E14221623DBE794020020ED
:103F500054C100082DE9F04F01F54C5883B008F129
:103F60002C0872B6BFF34F8FBFF36F8F01F540552A
:103F7000D5F82C43A04500F0CC800F4682461CB1FA
:103F8000D4E9002353601A6062B6BFF36F8F002C30
:103F900000F0C280624B1B78002B6ED072B6BFF36C
:103FA0004F8FBFF36F8FD5F82C93C84500F09B80DF
:103FB00062B6BFF36F8F5B4B13F90A30002B80F2B0
:103FC0009580B9F1000F00F0918007F54C5B5B46DE
:103FD0001C3301934FF488530BF1340BA5F83433A1
:103FE000022621460BEB060011F8087F3A4607F03F
:103FF00037FB95F834333E440133B6B285F8343399
:1040000072B6BFF34F8FBFF36F8FD5F82033019A8D
:10401000C5F82043C4E900231C6062B6BFF36F8F6C
:10402000B9F1000F57D095F83433FA2B53D899F8DB
:1040300008303344B3F5006F4DDA72B6BFF34F8FDB
:10404000BFF36F8FD5F82C43A04558D01CB1D4E9ED
:10405000002353601A6062B6BFF36F8F72B6BFF36E
:104060004F8FBFF36F8FD5F82C93C84549D062B6F8
:10407000BFF36F8F002CB4D12DE0A37C29489B07A0
:10408000637CC35C54BF14224C2203F0400354BF32
:10409000182150219446002B07F54C5B0E4614BFA7
:1040A0000A4666460BF1340B04F10801584607F046
:1040B000D7FA72B6BFF34F8FBFF36F8FD5F82033A7
:1040C000C5F8204307F54C571C37C4E900731C6042
:1040D00062B6BFF36F8F32465946504603B0BDE813
:1040E000F04F00F0DBBF62B6BFF36F8F214607F5DC
:1040F0004C5B11F8082F0BF1340B96B2D6E7002475
:10410000A9E762B6BFF36F8F002CE4D04FF000092F
:1041100067E762B6BFF36F8F03B0BDE8F08F00BFF3
:10412000AC1A002094020020194944F2343C0CFBE4
:1041300000FC43F2143201EB0C0310B50CEB02044B
:104140000C4443F224309C500CEB00020A441A50F9
:1041500043F2183E43F2283043F80E401A5003F55C
:1041600040529E44D2F818030CF104020A4401F5AF
:10417000D8518C4401466C339C45CEF8002043E96D
:104180001A4010460A6002F16C02F3D110BD00BF64
:10419000B01A0020F0B50546174681B3304C44F202
:1041A000343E0EFB00FE43F2143304EB0E010EEB23
:1041B0000306264443F22432CE500EEB020323447E
:1041C0008B5043F2183C43F2283241F80C608B507C
:1041D00001F540538C44D3F818030EF10403234433
:1041E00004F5D854A64402466C317145CCF8003031
:1041F00041E91A601846136003F16C03F3D177B3F9
:10420000174C44F2343303FB05F543F21C326319B7
:10421000AE1843F22C3126449E506A1822445A505C
:1042200043F2203743F23031DE515A501F4403F538
:1042300040530C4AD3F8200305F5D853043302EB5E
:10424000050C234405F1040E0246591B3B60184639
:104250004E5141F80E20136058339C45F4D1F0BD07
:10426000B01A0020C44D002008B5012211460020DC
:10427000FFF790FF0122BDE8084011461046FFF706
:1042800089BF00BF44F2343C2DE9F8430CFB00FC2D
:1042900072B6BFF34F8FBFF36F8F334C43F2143EB0
:1042A00004EB0C0353F80E30E644A644734550D09B
:1042B0001BB1D3E9006575602E6062B6BFF36F8FE6
:1042C000002B49D003F1080E01F120090F684E6858
:1042D0008D68D1F80C80CEF80C8010314945CEF8AD
:1042E0000070CEF80460CEF808500EF1100EEDD13B
:1042F0000968CEF8001002F1400803F12C0116689D
:104300005568D2F808E0D768CF60103242450E6099
:104310004D60C1F808E001F11001F0D172B6BFF3B1
:104320004F8FBFF36F8F44F2343202FB004043F2F1
:1043300028310CF54C5C425843500CF1240C644479
:10434000C3E90042136062B6BFF36F8F0120BDE87E
:10435000F88362B6BFF36F8F01220421FDF78CFD55
:104360000020BDE8F88300BFB01A00202DE9F04717
:10437000414B1C788AB0BCB14B780A2B6CD1884673
:10438000D1F803408F7891F807A0054618F8080B7C
:1043900014F08049A0F1080069D0002865DD0E7A8C
:1043A000082E28BF08260BE04D7A012D48D84C680E
:1043B00091F800A08F7A0E7A01F10C0804F0804980
:1043C0000023039307930293069328464FF40003B8
:1043D0000893FDF7F7FC002814BF4FF000430023BB
:1043E000002C0593BABF24F060444FF08043C4F31F
:1043F0000A04CDF824A0B8BF02930194B9F1000FCC
:1044000002D04FF000530393082E22D947F0020741
:104410002846FDF7E5FC044690B14FF400130793DE
:104420007B0744BF4FF480130693424601A92846F8
:104430000496FFF727FF044620460AB0BDE8F08740
:10444000284601220221FDF717FD20460AB0BDE8EB
:10445000F087BA07E9D5DBE701220221FDF70CFD61
:10446000002420460AB0BDE8F0870026A8E7FEF742
:104470006BFBC6B2A4E700BFAC1A00202DE9F04FD9
:104480004B7891B0102B059040F0AC800B780E4625
:10449000002B00F0B5804FF0000B88788C1C0225B3
:1044A000DA466DE062780A2A40F08480E379D4F835
:1044B0000320029304F10803049312F0804394F85C
:1044C00002800393A0F1080000F08480002840F3EC
:1044D0008E80277ADDF81490082F28BF08274FF424
:1044E0000003484601920E93CDF824A0CDF834A0E5
:1044F000CDF820A0CDF830A0FDF764FC019A029B16
:104500000F93002814BF4FF000400020039B0B9036
:10451000002ABBBF22F060424FF08040C2F30A0283
:104520000890079213B14FF000520992082F3DD91D
:1045300048F002084846FDF753FC00285BD04FF4D2
:10454000001218F0040F0D921CBF4FF480120C9251
:10455000049A0A97484607A9FFF794FE00284FD00F
:10456000327821780BF1010B5FFA8BFB5A450D4431
:1045700046D9705D4219B2F5006F06EB050442DCC6
:10458000224B1A78002A8DD194F80990B9F1010FC5
:1045900018D823786268029304F10C03049302F0A4
:1045A000804394F80A80277A039398E718F0020F63
:1045B000CED0BFE701220221059811B0BDE8F04F2F
:1045C000FDF75ABC01220221484611B0BDE8F04F68
:1045D000FDF752BC0192FEF7B7FADDF81490019A8C
:1045E000C7B27CE711B0BDE8F04FFFF7BFBEDDF802
:1045F0001490002773E7012202214846FDF73CFC96
:1046000011B0BDE8F08F01220421D5E7AC1A0020DB
:104610002DE9F84F5C4B1C7882460E461546002C5F
:1046200066D05A4F44F2343202FB007772B6BFF3C1
:104630004F8FBFF36F8F07F5405907F54C52D9F8EC
:104640001C431C3294424ED01CB1D4E900124A6083
:10465000116062B6BFF36F8F002C47D07268B2F161
:10466000804F326806BF22F0604242F00048C2F339
:104670000A08B268B2F1005FB26908BF48F080482A
:10468000B2F5001F36D01B78307B4FF0000B002BAB
:1046900043D018F0804F6ED0012228700C231046B2
:1046A00023720C2384F80AB06372F369C4F80F30E4
:1046B000374BC4F80B8013F80A305B0653D52946F4
:1046C00004F1130006F0CCFF72B6BFF34F8FBFF3B7
:1046D0006F8FD9F83033C9F8304307F54C572C3772
:1046E000C4E900731C6062B6BFF36F8FBDE8F88F3A
:1046F000264F9BE772691B78307BB2F5801F3269C9
:1047000015BF0A210E214FF0020B4FF0060BB2F13C
:10471000004F08BF8B46002BBBD1E3744FF0FF3333
:10472000A36084F811A084F812B0C4F80C8020743F
:1047300004F1140305F1400E28686968AA68D5F8E9
:104740000CC0C3F80CC010357545186059609A60EC
:1047500003F11003F0D1B369B3F5001FF3690CBF87
:104760006365E361B0E707302072294604F10F006A
:1047700006F076FFA8E7FEF7D9F9C0B200F10B0307
:10478000DBB202468CE700BFAC1A0020B01A002052
:1047900094020020DFF874C12DE9F84F15461A463F
:1047A0009CF800305A4F82460E461BB144F2343317
:1047B00003FB007772B6BFF34F8FBFF36F8F07F520
:1047C000405907F54C53D9F81C431C339C424FD039
:1047D0001CB1D4E900134B60196062B6BFF36F8F50
:1047E000002C48D07368B3F1804F336806BF23F0C4
:1047F000604343F00048C3F30A08B368B3F1005FB5
:10480000B36908BF48F08048B3F5001F35D09CF865
:104810000030307B4FF0000B002B42D018F0804F5F
:104820006BD0012228700C23104623720C2384F8CD
:104830000AB06372F369C4F80F30364BC4F80B80CA
:1048400013F80A305B0650D5294604F1130006F030
:1048500007FF72B6BFF34F8FBFF36F8FD9F83033B6
:10486000C9F8304307F54C572C37C4E900731C6076
:1048700062B6BFF36F8FBDE8F88F7369307BB3F515
:10488000801F336915BF0A210E214FF0020B4FF034
:10489000060BB3F1004F08BF8B469CF80030002B8D
:1048A000BCD1E37484F811A084F812B0C4F80C8071
:1048B0002074A26004F1140305F1400E28686968B1
:1048C000AA68D5F80CC0C3F80CC01035754518603F
:1048D00059609A6003F11003F0D1B369B3F5001F7A
:1048E000F3690CBF6365E361B3E7073020722946C3
:1048F00004F10F0006F0B4FEABE7FEF717F9C0B203
:1049000000F10B03DBB202468FE700BFAC1A0020B8
:10491000B01A0020940200202DE9F04FDFF860A1CA
:10492000584E9AF8003044F2343400FB04F48BB053
:1049300006EB04090746002B14BF4D463546FDF72C
:1049400075FA002855D072B6BFF34F8FBFF36F8F43
:1049500009F5405904F54C53D9F8248324333344E2
:10496000984500F08580B8F1000F03D0D8E9002306
:1049700053601A6062B6BFF36F8FB8F1000F38D082
:104980003846FDF73BFA022838D00122022138468A
:10499000FDF772FA04F54C541434344472B6BFF384
:1049A0004F8FBFF36F8FD9F81833C9F81883C8E950
:1049B0000043C3F8008062B6BFF36F8F2B781BB93A
:1049C00029463846FFF7C6FA44F2343303FB07633F
:1049D00043F214329B58A34244D005F5405305F5E9
:1049E0004C51D3F81C331C318B4233D00BB0BDE893
:1049F000F08F04F54C5414343444DFE708F12C0BE9
:104A00005A4608F108013846FCF7E2FC9AF80030F3
:104A1000002BBFD1D8F808300093D8F80C300193A0
:104A2000D8F810300293D8F814300393D8F818301F
:104A30000493D8F81C300593D8F820300693FBF780
:104A4000EFFFD8F8283007905A4669463846FFF7F6
:104A5000A1FE9FE70022082138460BB0BDE8F04FC9
:104A6000FDF70ABA002204213846FDF705FAB4E73B
:104A700062B6BFF36F8F04F54C54143434449DE791
:104A8000AC1A0020B01A0020234B1B78002B42D018
:104A900070B544F23433214C03FB00F2A31872B614
:104AA000BFF34F8FBFF36F8F03F5405E02F54C539A
:104AB0001C3304EB030CDEF81C33634527D01BB119
:104AC000D3E9006575602E6062B6BFF36F8F0BB3DC
:104AD00007251D720B255D720D6A9D72C969C3F8A9
:104AE0000B100F49095C49065CBF0321197272B6AD
:104AF000BFF34F8FBFF36F8F02F54C52DEF83013C8
:104B0000CEF830332C322244C3E900210B6062B668
:104B1000BFF36F8F70BD7047AC1A0020B01A002031
:104B2000940200202DE9F843DFF80492814D99F8B2
:104B3000003006461BB144F2343303FB005572B615
:104B4000BFF34F8FBFF36F8F05F5405805F54C53FA
:104B5000D8F81C431C339C4200F0A3801CB1D4E95C
:104B6000002353601A6062B6BFF36F8F002C00F011
:104B70009B805022002104F1080006F099FD99F86D
:104B80000030F3B93046FDF78DF90378202B04F19E
:104B900014071ED0302B00F08980102B00F0B88055
:104BA0004379002B40F0AB8020214FF4007C0022A1
:104BB0008378013B052B1FD8DFE803F09C971D8B02
:104BC00092903046FDF76EF90378202B04F10E0722
:104BD000E0D1C3781BB17B7843F020037B7003796D
:104BE000002BE1D07B7843F010037B7020214FF441
:104BF000007C0022DCE70A4699F80030002B39D10E
:104C00004378D90648BF42F0010213F0080F7978C3
:104C100051D113F0040F55D1002957D1B97809B1FA
:104C200042F008027B71C378BB710379FB710823E2
:104C300042F0005223744FF0FF33E2606674A360C9
:104C4000FBF7EEFEE06172B6BFF34F8FBFF36F8FDD
:104C5000D8F83033C8F8304305F54C552C35C4E945
:104C600000531C6062B6BFF36F8F3046BDE8F84357
:104C7000FDF7E2B943787B71C378BB710379FB71AF
:104C800040F612532381C4F80A20FBF7C9FE2A4BD1
:104C9000C4F816009B5D5B06D5D4237A043B2372CF
:104CA000D1E762B6BFF36F8FBDE8F88360214FF4A0
:104CB000107C40227CE741F001017970437813F0C9
:104CC000040F03D041F002017970437842F00402EE
:104CD000A4E7BB7843F01003BB708DE762468BE717
:104CE000BB7843F00803BB7086E7BB7843F0020350
:104CF000BB7081E7BB7843F00403BB707CE77B7833
:104D000043F040037B7020214FF4007C00224FE7EA
:104D1000C3781BB17B7843F008037B700379002BC9
:104D20003FF442AF7B7843F004037B703CE700BF65
:104D3000AC1A0020B01A002094020020034672B67C
:104D4000BFF34F8FBFF36F8F0068834208D018B155
:104D5000D0E9002353601A6062B6BFF36F8F7047CB
:104D6000002062B6BFF36F8F704700BF024B44F262
:104D7000343202FB00307047B01A00201F4B20482D
:104D80002DE9F047002201244FF47F411D4F1E4DB5
:104D90001E4E047091461A70998090465FFA89FA07
:104DA0005046FFF7E3FF80F80080044617F8010B38
:104DB0002B7800F00F0103F00F0306F801A040224A
:104DC000022106F803A0FEF74DFC15F8010B402266
:104DD0000221FEF747FC04F56C5115F8010C4FF465
:104DE00000623431FEF7AAFC10B9B9F1000F01D00E
:104DF000BDE8F0874FF00109D0E700BF1CA10020FB
:104E000018A10020600000206400002024A10020E0
:104E100008B5FEF7B3FE002008BD00BF70B50E4A0E
:104E200000F00F030546D65C3046FFF79FFF0B4BA3
:104E30001B7800F56C54002B04F1340414BF304689
:104E400000202146FFF71AFB4FF400622146284656
:104E5000FEF774FC002070BD24A10020AC1A0020D5
:104E600010B500F00F030A4A0446D05CFFF77EFF3E
:104E7000437823B903F0FF020270002010BD002226
:104E8000427011462046FEF749FC002010BD00BFCD
:104E900024A1002070B50A4C23787BB1094E0A4D3D
:104EA0003078FEF7EFFB2878FEF7ECFB7078FEF722
:104EB000E9FB6878FEF7E6FB00232370002070BD55
:104EC00018A10020600000206400002038B502789E
:104ED00002F06003202B04D0402B02D06BB10020E5
:104EE00038BD8488012C10D0FEF7EAFC0028F6D1EA
:104EF0000020FEF71FF9002038BD43780A2BEED1C1
:104F000001211548FEF744F9E9E702F07F02212A62
:104F1000EED14378032B1AD0042B11D0002BE7D10C
:104F20000E4D4FF47F422B70AA80FDF759FD0228E9
:104F3000D5D03C2817BF0A232C712B716871CEE79E
:104F4000064B00214FF47F4219709A80C7E7062173
:104F50000248FEF71DF9C2E734A100201CA1002081
:104F600070B582B0382000210190402301AA084684
:104F7000FEF748FBF0B1402301AA00218020FEF794
:104F800041FBB8B10D4C0E4DA61C402314F8010B8B
:104F900001AA0021FEF736FB402358B115F8010B9A
:104FA00001AA0121FEF72EFB20B1B442EDD1002071
:104FB00002B070BD022002B070BD00BF60000020D2
:104FC00064000020072810B5044607D804280FD82D
:104FD0000CD1BDE810400A48FEF7B6B8EE2805D15E
:104FE0000848FEF7B1F82023037410BD002010BD5F
:104FF0000548FEF7A9F82C3480F8244010BD00BF06
:1050000080C100089CC100086CC1000838B51F4C65
:105010001F4904F52970FEF779F894F8A41211F0ED
:105020001E0001D0002038BD94F8A532202BFAD103
:10503000B4F8A632022BF6D8B4F8A832042B1AD052
:10504000052BF0D10146FEF77FF892221149054663
:1050500006F006FBB4F8A632012B04BF322385F814
:105060004630B4F8AA129229284628BF9221FEF7AA
:105070008FF8012038BDB4F8AA120748582928BF74
:105080005821FEF785F8012038BD00BF8C0C0020A8
:10509000D0110020F000002084010020104B70B5DA
:1050A0001D780E46144695B10546FFF75FFE0123B5
:1050B00003709CB114F03F0F18BF00234370094BDD
:1050C0002246585D3146BDE87040FEF727BB2846B2
:1050D000FFF74CFE01230370002CEBD12346EDE7D4
:1050E000AC1A002060000020704700BF704700BF6E
:1050F00010B5094B00244FF0FF329A639C631A6489
:105100001C649A629C62DA62DC621A631C63FFF7B9
:10511000EDFF204610BD00BF0010024038B50F4B18
:105120001B680BB9012038BD0D494FF47A72054652
:10513000B2FBF3F30868B0FBF3F000F0C3FE0446E3
:105140000028EFD10F2DEDD8024629464FF0FF3051
:1051500000F06CFE034B20461D6038BDDC010020D2
:1051600004000020E00100200A4A136823F4806351
:1051700010B50320136000F047FE0020FFF7CEFFBC
:1051800010B10124204610BD0446FFF7ADFF2046B4
:1051900010BD00BF00200240034A0449136809689B
:1051A0000B441360704700BF38A10020DC010020D1
:1051B000014B1868704700BF38A1002038B504467D
:1051C000FFF7F6FF631C054602D0044B1B681C4426
:1051D000FFF7EEFF401BA042FAD338BDDC010020F0
:1051E0000048704700050201024B1868C0F30B002D
:1051F000704700BF002004E030B583B00023019366
:10520000002800F0DD80C56D0446002D00F0C5804B
:1052100022689368980005D5936823F0204323F013
:105220003F0393609368D90019D47E4B7E481B6876
:1052300091689B09A0FB030321F010419B0921F019
:105240003F0101335B0041F0805191600193019B6C
:105250002BB1019B013B0193019B002BF9D193687A
:10526000DB0000F18B80E36D43F01003E365236EF8
:10527000012003432366936813F0040FE36D40F0AD
:105280008580DD0600F18280E36D23F4817343F0B5
:105290000203E3659368D90719D4B2F1A04F00F077
:1052A000AF80624B9A4200F0B480614903F580639D
:1052B00089689B680B435F4989680B43DB0706D409
:1052C0005D498B68656823F47C132B438B60E5682C
:1052D000E36B94F824102B43A5682B43657F0129C9
:1052E00043EA453343EA014365D0E16A21B1256BC6
:1052F00001F4787129430B43D568504929400B4389
:10530000D3601369616B23F040630B4313619368AF
:105310001D0724D4D16894F83830257F21F48041CA
:105320005B0021F0020143EA85330B432169D3601E
:105330001369002947D043F480331361D2F8C03099
:1053400023F47F5323F03F030B43C2F8C03094F89B
:105350004030012B43D0136923F0010313616369CB
:10536000012B20D0136B23F00F031363E36D23F0A5
:10537000030343F00103E36503B030BD936813F00A
:10538000040F4FF00000E36D3FF47BAFE36D0120AD
:1053900043F01003E36503B030BDFDF7ADFA2566B9
:1053A00084F8585034E7116B236A21F00F01013B58
:1053B0000B431363DAE7A16A013943EA414394E7F7
:1053C000012003B030BD23F480331361D2F8C03024
:1053D00023F47F5323F03F03C2F8C030B7E71169CD
:1053E000636CA56C21F4FF6121F004012B430B4396
:1053F000E16C0B43216D0B4343F001031361AEE7F6
:105400000A49936889680B43D9073FF560AF0C4997
:1054100057E74FF0A0439B6891680B43DB073FF5CC
:1054200056AFF4E704000020632D3E050001005054
:105430000004005000060050000700500740F0FF35
:10544000000300500368B3F1A04F2DE9F041054679
:105450000E466FD04848494A4949834218BF0A4618
:10546000AC699768082C07F01F070AD0092F63D88A
:1054700040F22122FA40D1075ED5DB68DA0768D412
:105480000424FFF795FE2A688046731C2CD113680C
:105490001C42FCD0EB6D43F40073EB65D36813F44E
:1054A000406F0FD16B7F6BB9136818070AD5EB6D8E
:1054B00023F48073EB65EB6DD90403D4EB6D43F0FB
:1054C0000103EB652C4B9A4229D003F580639A4285
:1054D0004DD0082CD06829D010F4804006BF0C2392
:1054E00013600020BDE8F08113682342D2D1FFF79A
:1054F0005FFEA0EB0800B0422A680AD91368234077
:10550000C3D1EA6D85F8583042F00402EA65032001
:10551000E8E7002EB9D113682340B6D1F1E74FF088
:10552000A041092F1CD9082CC868D5D114600020CF
:10553000BDE8F081114A93E7B3F1A04F19D00E48AE
:105540000E4A0F49834218BF0A46936813F4604F0E
:1055500096D0EB6D43F020030120EB65BDE8F081B0
:1055600040F2212323FA07F7FB07DCD5B1E7054911
:10557000D7E7024AE9E700BF0001005000030050EE
:1055800000070050000400500368186C704700BF0B
:10559000F0B590F8582083B00346012A4FF0000080
:1055A000019000F07B811A68012083F8580094680C
:1055B000650767D44868840904F00C0400F01F0CE8
:1055C00002F1300E086854F80E50C0F384601F26B4
:1055D00000FA0CF006FA0CFC25EA0C0C40EA0C0070
:1055E00044F80E00906844077CD590680C68906879
:1055F000C007254613D4CF68B348D2F8B06007F08F
:10560000180C20FA0CF0C4F3120C204026EA0C0609
:105610003043C2F8B000AD48874200F0EC80AC499E
:105620000D425DD0B2F1A04F00F03681A94CAA49DD
:10563000AA48A24218BF01468868A9498D4200F0D5
:10564000E07428D0A7498D4225D0A7498D4240F06B
:10565000558110F0807043D19E498A4240D001F5B7
:1056600080618A423CD09D4DA1F50071B2F1A04FFE
:1056700018BF29468A6822F0E072224342F0807205
:105680008A6003E0DA6D42F02002DA65002283F8D6
:10569000582003B0F0BD010222D4B2F1A04F00F0B7
:1056A000108192498A421BD18C48914A914D1268CF
:1056B00081689209A5FB0252920921F0E071013242
:1056C0000C4302EB4202920044F400048460019215
:1056D000019A2AB1019A013A0192019A002AF9D15C
:1056E0000020D3E7906810F0080040F082808C68BA
:1056F0000E68B4F1004F00F01C814FEAD65C02F155
:1057000014070CF0040CC6F304565CF807504FF075
:10571000070EB4400EFA06F625EA06052C434CF8AF
:105720000740546924F0004454610F69D568042F80
:105730002FD002F16004C5F3C10554F827E0DFF86B
:10574000B8C16E000D680EEA0C0C05F0F84545EA8C
:105750000C0C4D69B54045EA0C0545F0004544F890
:1057600027500F698E6954F8275025F0807535430E
:1057700044F827500D7F0E69012D54F8265008BFBC
:105780004FF0007025F00075284344F826000C689F
:105790002DE70C68106E106EC4F31205C0F3846020
:1057A000002D40F0E880C4F38465A84200F05C81DD
:1057B000506E566E02F16000C6F3846602F1640713
:1057C000AE4200F03F818668866800F10807C6F3A4
:1057D0008466AE4200F02481C668C66800F10C07FA
:1057E000C6F3846085427FF402AF386820F0004041
:1057F00038600C68FBE6BCF1000F52D094FAA4F0BC
:10580000002800F0E980B0FA80F0013000F01F00BD
:10581000092840F2E18094FAA4F0002800F04081C9
:10582000B0FA80F00130800600F0F84094FAA4F558
:10583000002D00F03A81B5FA85F5013505F01F0518
:10584000012606FA05F5054394FAA4F4002C00F0AD
:105850002A81B4FA84F4601C00F01F046FF01D0666
:10586000032010FB0460000540F000702843C60DC3
:105870008C6802F1140506F00406C0F3045004FA23
:1058800000F74FF0070C74590CFA00F024EA0000FE
:10589000384370510D68C2E60F49CDE6022003B0CF
:1058A000F0BDA40E013404F01F06092E55D8A5063C
:1058B0000120B04005F0F845054306EB4600000521
:1058C000D4E70548F1E600BFFFFF070000007F4076
:1058D0000000088000010050000300500007005045
:1058E000000021C31000C090000052C70006005005
:1058F00004000020632D3E0500F0FF036C498D423B
:105900007FF4EEAE10F480007FF4EAAE69498A427B
:105910003FF4E6AE684D01F50071B2F1A04F18BF3B
:1059200029468A6822F0E072224342F480028A60AB
:10593000ACE6F50D02F1140405F00405C6F30456B7
:105940002F594FF0070C0CFA06F627EA06062E51DF
:10595000546944F000445461E7E606EB4600A506AE
:105960001E38012405F0F845000504FA06F640F05B
:10597000007035437AE794FAA4F51DB1B5FA85F5C0
:10598000A84271D0506E566E02F16000C6F3846674
:1059900002F1640794FAA4F51DB1B5FA85F5AE429B
:1059A00050D08568866800F10807C6F3846694FACB
:1059B000A4F51DB1B5FA85F5AE4231D0C568C5680C
:1059C00000F10C07C5F3846094FAA4F5002D3FF4B0
:1059D0000EAEB5FA85F505E794FAA4F0002859D083
:1059E000B0FA80F00130800600F0F84094FAA4F597
:1059F000002D4DD0B5FA85F5013505F01F050126BE
:105A000006FA05F5054394FAA4F4002C45D0B4FA3F
:105A100084F4013404F01F0404EB4404200525E75A
:105A20003C6824F000443C60C4680C6800F10C073A
:105A3000C068C4F31205C0F38460002DC4D1C4F360
:105A40008465CFE63C6824F000443C6084680C68C0
:105A50008668C4F3120500F10807C6F38466002DBA
:105A6000A5D1C4F38465B4E6146E104624F0004456
:105A700040F8604F546E0C68566EC4F3120502F184
:105A80006407C6F38466002D84D1C4F3846597E669
:105A90000225B7E74FF08060A8E74FF44010E5E635
:105AA0004FF08060C2E60548E0E60225CBE600BF85
:105AB000000084CB0001005000070050000050FEA1
:105AC00070B582B00022036801929A68D20734D47C
:105AD00099682C4A1142044632D19A6822F0004259
:105AE00022F03F0242F00102B3F1A04F9A6047D08A
:105AF0002548264A2649834218BF0A4693681B0256
:105B000028D4FFF755FB23681A68D607054614D436
:105B1000204E9A68D00704D49A68324042F00102BD
:105B20009A60FFF745FB431B022B236802D91A68D2
:105B3000D10705D51A68D207EBD5002002B070BD99
:105B4000E36D43F01003E365236E012003432366F6
:105B500002B070BD104B114A1B689B09A2FB0323C6
:105B60009B09013303EB43039B000193019B002B33
:105B7000C7D0019B013B0193019B002BF9D1C0E7EA
:105B8000024ABBE73F0000800001005000030050C4
:105B900000070050C0FFFF7F04000020632D3E057A
:105BA0000368B3F1A04F70B504464FD03A483B4A62
:105BB0003B49834218BF0A4696689D6815F0040564
:105BC00042D194F85830012B3ED0012384F858304C
:105BD0002046FFF775FF00283AD1E36D226823F4D1
:105BE000706323F0010343F48073E3652A4B9A4208
:105BF00006F01F0647D003F580639A4248D011464D
:105C0000E36D23F48013E365E36D13F480531CBF4D
:105C1000236E23F0060323661C2313608A424FF091
:105C2000000384F858301CD0092E14D9E36D43F4D6
:105C30008013E365CB689B0105D5E36D23F44053E6
:105C400043F48053E36570BD022070BD134AB3E78F
:105C500084F8585070BD40F2212323FA06F6F50768
:105C6000E4D5D368990105D5E36D23F4405343F49B
:105C70008053E365936823F0004323F03F0343F030
:105C80000403936070BD4FF0A041002EBCD1B7E774
:105C90000449002EB8D1B3E70001005000030050C2
:105CA000000700500004005070B490F858200E68AF
:105CB000012A9DB056D00268034600240120B2F1AB
:105CC000A04F189483F8580019940BD0484DAA425D
:105CD00046D0DA6D83F8584042F02002DA651DB0F4
:105CE00070BC70474348806840070BD59268DA6DF6
:105CF00042F020020120DA65002283F858201DB00E
:105D000070BC704790684407F1D4B2F1A04F2DD019
:105D1000384882422AD0002E58D037484C688268D2
:105D200022F46042224393F8384042EA44328260CF
:105D30002F4A946802F58072926822432F4CA4681F
:105D40002243D24302F0010242B184688A6824F4FB
:105D50007161164321F00F010E4386600020CBE7EE
:105D60002748C0E702201DB070BC7047AEB125487F
:105D70004C68826822F46042224393F8384042EA39
:105D8000443282601B4A4FF0A04080689268024310
:105D9000D2431C4802F00102D6E71A498A6822F46D
:105DA00060428A604FF0A040124A806892681549AC
:105DB0000243D24302F00102002ACFD08A6822F4C3
:105DC000716222F00F0200208A6095E70A490848B4
:105DD0008A680B4C22F460428A608068A2680243A1
:105DE000064880680243D24302F00102E4E700BFA4
:105DF0000004005000010050000700500006005051
:105E000000050050000300500749CA6803024FF61E
:105E1000FF0003F4E0630240134343F0BF6343F425
:105E20000033CB60704700BF00ED00E01C4BDB6827
:105E3000C3F3022300B5C3F1070EBEF1040F03F153
:105E4000040C28BF4FF0040EBCF1060F1BD9033B16
:105E50004FF0FF3C0CFA03FC22EA0C024FF0FF3C2F
:105E60000CFA0EFC21EA0C019940002841EA0201DB
:105E70000CDB00F16040090100F56140C9B280F817
:105E800000135DF804FB00221346E7E7054B00F022
:105E90000F0009010344C9B219765DF804FB00BF85
:105EA00000ED00E0FCEC00E0002808DB044A4109BA
:105EB000012300F01F0003FA00F042F821007047B0
:105EC00000E100E00138B0F1807F0FD210B44FF054
:105ED000E023074C58614FF0F00C84F823C00022F7
:105EE000072110469A6110BC196170470120704764
:105EF00000ED00E0704700BF08B5FFF7FBFF08BDED
:105F0000002879D070B53D4B04689C4260D93C4A6A
:105F10003C4B3D492244A3FB02321209920002236A
:105F2000856880F82530C368C669C0E91012016928
:105F30002B430B4341690B4381690B4333435FFAA6
:105F400084FC304E2168ACF1080CA6FB0C6C066A90
:105F500021F4FF4121F0700133430B4323602B4EAA
:105F6000264B2B49CCF3041C9C4298BF31464FF082
:105F7000010E284CC4640EFA0CF35418B5F5804F8A
:105F8000036584644FEA92022BD0456805F07F04D4
:105F9000013D032D41F82240C6F8843027D81E4B1E
:105FA0001E492344013C9B0004F01F040EFA04F434
:105FB0000022C0E91531C4651A60194B5C640023E6
:105FC0000122C36380F8243080F82520184670BD74
:105FD000144A0C4B14492244A3FB023212099200CA
:105FE0009DE70024446041F82240C6F88430002335
:105FF000C0E91533C365E2E701207047070402409A
:10600000F8FBFDBFCDCCCCCC000402400008024020
:1060100020080240800802403F82001040090240F0
:1060200000090240F8FFFDBF0000024070B490F884
:106030002440012C55D0012480F8244090F82540BC
:10604000012C05D0002380F8243070BC022070475A
:10605000022480F825400024C4630468C66C2568C7
:1060600025F001052560D0E914C5C6F804C01DB1AE
:10607000D0E9166CC6F804C0466C06F01F0C012669
:1060800006FA0CF6D0F840C0CCF804606360836870
:10609000102B036B0BBFA260A160E160E260BBB19B
:1060A000236843F00E032360836C1A68D20303D580
:1060B0001A6842F480721A601DB12B6843F4807331
:1060C0002B60236843F001030020236070BC7047FD
:1060D000236823F004032360236843F00A0323604A
:1060E000E2E7022070BC704738B590F82530022BEB
:1060F00009D0012304210022C16380F8242080F804
:106100002530184638BD0368846C1968426C056CEC
:1061100021F00E011960196821F00101196023684E
:10612000C16C23F48073236002F01F0201239340AB
:10613000D0E914426B604C6032B11368D0E9161498
:1061400023F4807313604C60836B0122002480F879
:10615000252080F8244013B19847204638BD1846C2
:1061600038BD00BF70B4436C066C056831682C689C
:1061700003F01F0304229A400A420ED014F0040FC9
:106180000BD02B689B0603D42B6823F004032B60F1
:10619000036B7260CBB170BC184702229A400A426E
:1061A00015D014F0020F12D02B68990606D42B6874
:1061B00023F00A032B60012380F82530C36A726044
:1061C000002180F82410002BE5D170BC7047082214
:1061D0009A400A42F9D02207F7D52A68416B22F08B
:1061E0000E022A60012202FA03F300247360C263E4
:1061F00080F8244080F825200029E6D070BC0847AC
:10620000704700BF002800F049812DE9F04190F867
:106210005C30044603F0FF02002B73D022689369C0
:1062200023F010039361FEF7C3FF054604E0FEF779
:10623000BFFF401B0A285BD823689A691107F6D470
:106240009A6942F001029A61FEF7B2FF054604E046
:10625000FEF7AEFF401B0A284AD823689A69D20786
:10626000F6D59A69964942F002028B429A6100F093
:106270001081227C012A9A690CBF22F0400242F070
:1062800040029A61627C012A9A690CBF42F4804202
:1062900022F480429A61A27C012A9A690CBF22F4FE
:1062A000805242F480529A619A69A068E16822F4AF
:1062B000407202439A619A6922F0A4029A611A69B3
:1062C000012922F010021A6121D021B302299A6912
:1062D00000F0F18042F080029A611A69032942F0CD
:1062E00010021A6117D19A6942F020029A6112E0F5
:1062F000236E032243F00103236684F85C2001200F
:10630000BDE8F08180F85D20FFF77AFF86E79A69A3
:1063100042F004029A61D4E90612013A01391202EC
:1063200042EA4162216A01390A436169013942EA5C
:106330000142B0F5407FDA610ED1D4E90B02A16AC7
:10634000013A01381201013942EA00220A43616A26
:10635000013942EA0142DA60D3F8C020E06B5949C2
:1063600002438B42C3F8C02000F09A80564A574D32
:10637000574E584F01F580618B4218BF154601F505
:106380007D51A2F1180201F1100118BF1646A2F1C9
:10639000D80214BF17468E46A2F1D802A1F14001DF
:1063A00014BF96468846A2F1400201F5387114BF29
:1063B00090468C4602F53872A1F5547118BF944688
:1063C000A2F5547208BF0A46D3F88000616B2264BC
:1063D00020F4F81040EA0141C3F88010D3F880108F
:1063E000C4F84480D4F8388021F070610CF1FF309B
:1063F000801A41EA0861C3F88010C4E91465850871
:10640000511C01358C4538BF01251728C4E912E716
:10641000C2F380031AD98C452CBF00210121A9B9F0
:1064200016460BB146F8041BED1A02EB83036A080B
:1064300003EBC20200200021E3E802019342FBD1FA
:1064400025F001039D4206EB83021AD0114600237A
:1064500041F8043B8C4514D902F108018C45536086
:106460000FD902F10C018C4593600AD902F1100199
:106470008C45D36005D902F114018C45136188BFA6
:10648000536100200123206684F85C30A065BDE8DC
:10649000F081114A6168C2F80015EAE601207047F0
:1064A0000E4D0F4E0F4FDFF840E0DFF84080DFF871
:1064B00040C0104A88E742F020029A612BE700BFF3
:1064C000006400400068004078A6004018AD00401D
:1064D00000AD004028AC004000600040C8A900406A
:1064E000B0A90040D8A8004000A80040C0A70040C4
:1064F000A0AA004050A70040704700BF002848D025
:1065000010B590F85C30022B044630D103689A69CC
:1065100042F001029A619A69D0073CD49A69D10786
:1065200039D49A69D20736D49A69D00733D49A6994
:10653000D10730D49A69D2072DD49A69D0072AD4CA
:106540009A69D10727D49A69D20724D49A69D007C7
:1065500021D49A69D1071ED49A69D2071BD4226E1E
:10656000032142F00102226684F85C1004E0026E0E
:10657000036842F008020266DA6D22F00302204648
:10658000DA65FFF7B9FF0023236684F85C3018460C
:1065900010BD012070479A6922F010029A619A6931
:1065A000100720D59A6911071DD59A6912071AD5C7
:1065B0009A69100717D59A69110714D59A691207B5
:1065C00011D59A6910070ED59A6911070BD59A69EA
:1065D000120708D59A69100705D59A69110702D5DF
:1065E0009A691207BBD49A69002042F00202012185
:1065F0009A61A06584F85C10BEE700BF90F85C204B
:10660000013A012A034605D9026E42F00202012036
:106610001A667047086830B478B9D1E90242D206E8
:1066200042EA84721C6C4B694D6813430A6943EA61
:10663000024344F8253030BC7047586C8A684B6977
:106640004C6843EA8273D1E9035200EBC40C42EA7E
:10665000457240F83420002030BCCCF8043070473C
:10666000844690F85C00012807D0DCF8603043F0E5
:1066700004030120CCF86030704710B40198DCF8B6
:10668000004040EA4303D4F8800043EA820242EA31
:10669000011120F03F031943C4F88010002010BC02
:1066A000704700BF90F85C20012A034605D0026EB7
:1066B00042F0040201201A6670470268136A23F44C
:1066C0007023194300201162704700BF90F85C20CE
:1066D000012A034605D0026E42F0040201201A6628
:1066E00070470268136A23F0030319430020116204
:1066F000704700BF034690F85C00012805D01A6E71
:1067000042F0040201201A6670471B6842EA012227
:106710009A640020704700BF90F85C20012A03466D
:1067200005D0026E42F0040201201A66704702682A
:10673000D36843F400030020D360704790F85C20D6
:10674000012A034605D0026E42F0040201201A66B7
:1067500070470268D36823F400030020D3607047B9
:1067600090F85C20012A034605D0026E42F0040234
:1067700001201A6670470068022283F85C20826953
:10678000002122F00102826108461966704700BFAD
:1067900090F85C30022B024631D10368996941F0D0
:1067A000010199619969C8072FD49969C9072CD447
:1067B0009969C80729D49969C90726D49969C8076E
:1067C00023D49969C90720D49969C8071DD4996948
:1067D000C9071AD49969C80717D49969C90714D485
:1067E0009969C80711D49969C9070ED4136E03219A
:1067F00043F001031366012082F85C107047036EBA
:1068000043F00803012013667047996921F01001D5
:1068100099619969080720D5996909071DD5996972
:1068200008071AD59969090717D59969080714D572
:106830009969090711D5996908070ED5996909075A
:106840000BD59969080708D59969090705D599698C
:10685000080702D599690907C8D49969002041F051
:1068600002014FF0010C9961906582F85CC070479D
:10687000F0B590F85C30022B86460CD10568D5F84F
:10688000C43013F4001C0DD0036E43F400730120D8
:10689000CEF86030F0BD036E43F008030120CEF85F
:1068A0006030F0BDD5F8C4604B68C6F30146002BDC
:1068B0003BD18B680F691F430B6847EA8347D1E9D7
:1068C00006034C690343086A2343CC6843EA006328
:1068D00043EA0443DEF8540006EBC60440F8347083
:1068E00000EBC400154C4360CB68E35CA3B1937824
:1068F000D7781B0443EA076317783B43577843EA8A
:10690000072300EB0C070CF1040CBB60CB68E35CC5
:106910009C4502F10402EAD3012303FA06F6C5F806
:10692000CC600020CEF85860F0BD0B690F681F43A3
:106930008B681F4347F08047C1E700BFA8C100082C
:1069400090F85C20022A034605D0026E42F008024D
:1069500001201A66704703680020C3F8D010704702
:10696000F0B5044690F85C0002280CD14029256857
:106970000FD0D5F8980007076ED1236E43F48073CB
:1069800001202366F0BD236E43F008030120236637
:10699000F0BDD5F890000707EFD0D5F89060C6F3AA
:1069A0000060F60148BFD5F88000D5F8907048BF68
:1069B000C0F34020C7F301270744A06C07EBC706CC
:1069C00000EBC600066806F080465660002E5ED1D9
:1069D0000668C6F38A461660066806F0005696609A
:1069E000066806F0004616618688D661B0F806C0D3
:1069F0000CF00F0CC2F80CC0466806F48016566105
:106A0000466806F400169661C67906F07F0616629F
:106A1000214E16F80CE0D0F804C04FEADC7CC2F836
:106A200024C0BEF1000F0FD003F1FF3E00F1070CB0
:106A300063461CF8015F0EF8015FD568063B755D83
:106A40001B1A9D42F4D8256840290CBFC5F89470E4
:106A5000C5F89C700020F0BDD5F89860C6F30060C2
:106A6000F60148BFD5F88000D5F8987048BFC0F34C
:106A70000020C7F301270744E06C07EBC70600EBD3
:106A8000C600066806F080465660002EA0D0066854
:106A900026F060469FE700BFA8C1000890F85C2080
:106AA000022A03460CD130B40468D4F8E42052071B
:106AB0000CD1026E42F48072012030BC1A6670471D
:106AC000026E42F0080201201A667047D4F8E420F2
:106AD000006DC2F3012300EBC30250F8335005F000
:106AE00080454D603DB350F8335025F060450D6052
:106AF00050F8335005F000558D6050F8330000F029
:106B0000004008619088C861D08800F00F00C8601C
:106B1000506800F480104861506800F400108861EB
:106B2000506800F440004862D2790A620020C4F83C
:106B3000E83030BC704750F83350C5F38A45D6E78B
:106B400003685B6C10B4C3F3022203F00704C1E9CD
:106B5000004203F01804C3F34012C1E90242C3F338
:106B60008014C3F3C012C1E90442C3F3C024C3F3C9
:106B70000032C1E90642C3F34034C3F38032C3F3A9
:106B80000643C1E90842002010BC8B62704700BF79
:106B900003681B6C10B4C3F30622DCB2C1E90042E7
:106BA000C3F3C032C3F307430020C1E9022310BC82
:106BB000704700BF0368D3F8C40000F007007047B7
:106BC000034690F85C000138012805D91A6E42F09E
:106BD000020201201A667047012A1A68936D0CBFE1
:106BE00023EA01011943002091657047034690F89C
:106BF0005C000138012805D91A6E42F0020201201A
:106C00001A6670471B6830B411F00705986D3DD0C7
:106C1000C4073BD4DC6D44F00104DC65CDB1C5078D
:106C200017D5D86D40F00200D8650C0604D5D3F80E
:106C3000DC001043C3F8DC00C80504D5D3F8E0003D
:106C40000243C3F8E0205A6D1143002030BC59655F
:106C5000704711F0380F01D08407E2D411F4E07FBF
:106C600031D111F4F05F01D00407DAD411F4604F90
:106C700001D0C506D5D411F4403F01D08406D0D44C
:106C800011F47C0FD1D04506CFD5CAE711F0380FEB
:106C900001D08407BED511F4E07F17D111F4F05F65
:106CA00001D00407B6D511F4604F01D0C406B1D5A8
:106CB00011F4403F01D08406ACD511F47C0FADD067
:106CC0004406ABD4A6E74507ABD4CAE74407A1D531
:106CD000E4E700BF704700BF704700BF704700BFC8
:106CE000704700BF704700BF704700BF704700BFCC
:106CF000704700BF704700BF704700BF2DE9F84FD5
:106D000003681A6D596D02EA010A1A6D596D02EA9B
:106D100001091A6D596D1E6D02EA01085A6D1F6D49
:106D200016405A6DD3F854B01D6D174069060446DD
:106D30000AF4E05A09F0070908F0380806F4710669
:106D400007F4602702D51BF0400F72D1EA0502D587
:106D50001BF4807F5DD1BAF1000F4AD1B9F1000F69
:106D600035D1B8F1000F3CD1AB0502D51BF4007F43
:106D700074D1280602D51BF0800F77D1A90402D563
:106D80001BF4005F5AD12A0402D51BF4004F5DD1D9
:106D90006B040AD51BF4804F07D023684FF4804260
:106DA0001A65236E43F0800323664FB926B123682A
:106DB0001E65236E1E432666236E2BBBBDE8F88F2F
:106DC000236839461F652046FFF796FFEEE72368E4
:106DD0004946C3F850902046FFF77EFFB8F1000FF8
:106DE000C2D023684146C3F850802046FFF776FFA3
:106DF000BAE723685146C3F850A02046FFF76AFF60
:106E0000B9F1000FADD0E2E72046FFF773FFBDE810
:106E1000F88F2368D3F8D810D3F8E0204FF48070AF
:106E2000186511402046FFF75FFFBAF1000F95D0BB
:106E3000DFE740221A65FFF75BFF87E723684FF41F
:106E400000521A652046F9F7BFFD9CE723684FF40E
:106E500000421A652046FFF749FF99E723684FF47F
:106E600000721A652046FFF73BFF82E72368D3F8DC
:106E7000D410D3F8DC208020186511402046FFF79D
:106E800031FF7BE72DE9F047DFF864819A4698F8F7
:106E90000030012B5ED0012381460E46174688F84C
:106EA0000030FEF785F9534D044606E0FEF780F901
:106EB000A0EB040CBCF57A7F45D82B69D803F5D438
:106EC0002C694CF2FA331C4056D12B69494AD90738
:106ED00044BF01232B610023C8F80430136813F466
:106EE00080631FBF136823F480631360022388F854
:106EF0001C30B9F1000F31D009F1FF33012B43D918
:106F0000FEF756F93B4E054605E0FEF751F9401BEA
:106F1000B0F57A7F2ED83369DB03F6D433694CF2AF
:106F2000FA32134053D1376917F0010702D001221A
:106F300032611F4624B12F4A536923EA0404546185
:106F400000F098FC00E00327002388F80030384662
:106F5000BDE8F08702273846BDE8F087254A536927
:106F600043F0010353613760BFF36F8F0124C6F80C
:106F700004A0C5E70327DDE7D8F804302343C8F8A9
:106F8000043001272C61DFE71A494A6942F4802264
:106F90003B464A61EFF3108572B646EA0702520794
:106FA0001DD13A1DB2421AD007F58077F61AD3E9FF
:106FB0000001F2180833BB42C2E90001F7D185F3A2
:106FC0001088B9F1020F08BF4FF4802498E7D8F871
:106FD00004201A43C8F8042001273361AAE7F61BEE
:106FE00007F580771A689A5104339F42FAD1E6E791
:106FF000E401002000200240064B5A69002A01DB10
:10700000002070470449054A99609A605869C00F8A
:10701000704700BF0020024023016745AB89EFCDD8
:10702000044B5A6942F000425A615869C043C00F8C
:10703000704700BF00200240064B586910F08040A6
:1070400006D00549054AD960DA605869C0F38070F6
:10705000704700BF002002403B2A19087F6E5D4C3C
:10706000054B5A6942F080425A61586980F080406D
:10707000C0F38070704700BF0020024070B5054625
:10708000FEF796F8104E044604E0FEF791F8001B58
:10709000A8420FD83369DB03F7D433694CF2FA32D4
:1070A000134009D1306910F0010002D00122326191
:1070B000184670BD032070BD04494A681A434A60EF
:1070C0000120336170BD00BF00200240E4010020B8
:1070D0002DE9F047674F3B78012B61D082460124B0
:1070E0004FF47A7088463C70FFF7C8FF064620B11F
:1070F00000233B703046BDE8F0875F4B78601A682C
:1071000012F4007F1A684FD1540540F185801A6847
:1071100022F480621A6002233B77DAF80030012BF8
:107120007CD04FF0FF33C8F80030DAE902532B442B
:107130009D4245D2504CDFF8449122E0636923F42C
:10714000006363616269EB0022F47E7203F4FF6303
:1071500013436361636943F002036361636943F44A
:10716000803363614FF47A70FFF788FF636903EA45
:107170000903636108BBDAE9023201351344AB420B
:107180001ED9236A5B02D9D5DAF8043013F0010F57
:10719000636914BF23F4006343F400636361D1E7C0
:1071A00002263046BDE8F087550533D51A6822F42B
:1071B00080621A6003233B77AFE7C8F800500646A9
:1071C0003B7F03F0FD02012ADBB210D12A4A11688D
:1071D00021F400711160116841F4006111601168BF
:1071E00021F400611160116841F400711160023BEB
:1071F000012B0CD8204B1A6842F480521A601A688E
:1072000022F480521A601A6842F480621A600023E5
:107210003B776DE73C7780E738777EE7164B1A6A55
:1072200050020FD5DAF80420D10703D5596941F08F
:107230000401596192070BD50F4A536943F4004387
:10724000536105E05A6942F4004242F004025A6177
:10725000094C636943F4803363614FF47A70FFF73C
:107260000DFF636923F4004323F0040306466361C2
:10727000A6E700BFE40100200020024005FCFFFF5C
:107280002DE9F843B34E3378012B00F097810125A7
:1072900035700368002213EA05070446726040F067
:1072A00002819A0700F1F5805D0762D418070AD4BD
:1072B0009A0600F12181DB0600F11581002333706D
:1072C0003846BDE8F883D4E908584545F0D04FF476
:1072D0007A70D4F81C90FFF7D1FE002840F0378177
:1072E0009D4B1B6813F4807F9C4BB3F8E0204FF656
:1072F000FF7340F07A819A4200F08D81984BD3F869
:10730000E025984B03EA422303F100624FF000634B
:107310009548016A490200F1828109F00303012BBB
:1073200000F09B81022B0ED1426C904905F178450B
:107330000A4042EA15124264836C08F178480B4017
:1073400043EA18138364884A936A09F0004923F0DA
:10735000004343EA09039362536943F400335361E2
:107360004FF47A70FFF78AFE23680028A0D0012727
:107370009EE74FF47A70D4E90558FFF77FFE0028A6
:1073800040F0DF8015F0010300F01C8108F4E06399
:107390004FF4B8514FF4E062A80703D50A4608F449
:1073A00080510B43690704D508F4005142F40052A0
:1073B0000B43E80404D508F4804142F480420B43B7
:1073C000290704D508F4803142F480320B43E806E3
:1073D00004D508F4003142F400320B43A90604D569
:1073E00008F4802142F480220B43680604D508F497
:1073F000002142F400220B43290604D508F4801131
:1074000042F480120B43A80504D508F4000142F4AD
:1074100000020B43690504D508F0807142F08072C8
:107420000B43280504D508F0007142F000720B43AD
:10743000A90404D508F0806142F080620B4368041F
:1074400004D508F0006142F000620B43290404D522
:1074500008F0405142F040520B43ED0305D508F0CF
:10746000804843EA080342F080423F4D296A21EAFE
:10747000020213432B626B6943F400336B614FF4D8
:107480007A70FFF7FBFD236800283FF40FAF012758
:107490000CE74FF47A702569FFF7F0FD002879D0EA
:1074A0002368012700E7D0E901874FF47A70D4F808
:1074B0000C90FFF7E3FD002840D1B8F1000F40F039
:1074C0008580294B47EA0947DF62274A536943F41D
:1074D000003353614FF47A70FFF7D0FD071E236825
:1074E00018BF0127DDE64FF47A70A46AFFF7C6FDE6
:1074F00000283DD00127E1E64FF47A70D4E90B581B
:10750000FFF7BCFD00BB012D00F09F80022D06D1CE
:10751000154A536F23F0FF0343EA08035367124AE7
:10752000536943F4003353614FF47A70FFF7A6FDBB
:10753000236800283FF4BFAE0127BCE623682F462E
:10754000AFE623680127B1E623680127B3E6236885
:107550000127ADE6E4010020000001400075FF1F97
:107560000070FF1F00FEFF01002002400080FFFFAF
:107570004C4A136F23F4803323431367536943F456
:1075800000334FF47A705361FFF778FD00283FF421
:1075900095AEAFE7434A136A23F0FF032B43136210
:1075A000536943F4003353614FF47A70FFF766FD7B
:1075B000236800283FF478AE012775E60227384695
:1075C000BDE8F8831A464FF48051E5E6B8F1010FA3
:1075D00018D0B8F1020F60D0B8F1040F7FF475AF86
:1075E000304B47EA09471F656FE79A420FD02E4B91
:1075F000D3F8E0252D4B03EA422303F100634FF05B
:10760000006285E6274B47EA09471F635DE7284B81
:107610004FF000627CE6264A4FF0006378E609F0FE
:107620000301012929D002297FF48DAE2149AD1A29
:10763000A8EB0203426C0A4042EAD5054564826C1D
:107640000A4042EAD30383647DE6164A136F23F0AF
:10765000FF0343EA0803136761E7416A154B05F12D
:107660007845194041EA15154562826A08F1784863
:107670001A4042EA1812826265E6426A0D49ED1A22
:107680000A4042EAD5054562826AA8EB030302EA92
:10769000010848EAD303836255E6024B47EA0947EB
:1076A000DF6412E7002002400070FF1F00FEFF01B0
:1076B000000004080080FFFF4368022B70B436D935
:1076C000042B29D00622634B1B6ADBB2AA2B02D003
:1076D000CC2B18BFBB235F4903610B6AC1694C1EE9
:1076E00023F0FF03012C83612FD942F01003594C82
:1076F0000360236FC16A03F4803383624B1E012B46
:1077000008D842F03002026001290CBF236F636F7A
:10771000DBB2036370BC70474E490B6D03F07F030F
:1077200083600B6DC3F306430722C360CBE70722D8
:1077300048490260002B3BD1CB6A03F07F03836092
:10774000CB6AC3F30643C360BDE7434B434C42F0EF
:10775000080202601B68B4F8E04013F4807F4FF623
:10776000FF7330D09C4252D03D4B3E4CD3F8E035B5
:1077700004EA432404F100644FF00065354B1E6AAF
:10778000760236D4012956D05D6C374C04EA0515D3
:1077900005F1006505629B6C04EA031404F10064C2
:1077A00044622C4B9B6A03F000431943C1619CE780
:1077B000012B15D0CB6C03F07F038360CB6CC3F33C
:1077C0000643C3607FE79C4231D0254B254DD3F85B
:1077D000E03505EA432505F100654FF00064CDE78B
:1077E0000B6B03F07F0383600B6BC3F30643C36033
:1077F00069E701290FD05E6C1C4C04EAC6062E44D2
:1078000006629B6C04EAC30425444562C9E7184C30
:107810004FF00065B2E75E6A144D05EAC6062644DD
:1078200006629B6A05EAC3052C444462B9E7104D21
:107830004FF00064A2E75D6A0B4C04EA051505F100
:10784000006505629B6A04EA031404F10064446263
:10785000A7E700BF00200240000001400075FF1FA5
:107860000070FF1F00FEFF01F0FF0700F8FF03009C
:107870000000040815490B7F03F0FD02012ADBB26A
:1078800010D1134A106820F400701060106840F4A2
:1078900000601060106820F400601060106840F410
:1078A00000701060023B012B0CD8094B1A6842F49F
:1078B00080521A601A6822F480521A601A6842F4E0
:1078C00080621A6000230B77704700BFE40100203C
:1078D000002002402DE9F04F0C6885B0002C00F02C
:1078E00083804FF0000CDFF8C0A163464FF0010B1E
:1078F00089460BFA03F515EA04086FD0D9F804702D
:1079000007F00302511E012971D9032A40F0B0800B
:1079100002FA0CF2D143056829400A4317F4403FAC
:1079200002605BD0DAF8602042F00102CAF8602001
:10793000DAF8602002F001020392039A23F00302B6
:1079400002F1804202F5803203F003059168AD0038
:107950000F2606FA05FEB0F1904F21EA0E0119D06C
:10796000524EB04200F08F80514EB04200F08F80F6
:10797000504EB04200F081804F4EB04200F08D80FA
:107980004E4EB0420CBF4FF0050E4FF0060E0EFAF1
:1079900005F5294391604A4A494992686FEA08050A
:1079A000FE0254BF2A4048EA02028A60CA68B9024D
:1079B000434954BF2A4048EA0202CA604968404A23
:1079C000BE0354BF294048EA010151601268F9031F
:1079D0003B4954BF2A4048EA02020A60013334FAA4
:1079E00003F20CF1020C84D105B0BDE8F08F816880
:1079F000D9F80C604FF0030E0EFA0CFE21EA0E01CE
:107A000006FA0CF6314381606FEA0E01D0F804E00B
:107A10002EEA050EC7F300159D4045EA0E054560A8
:107A2000C56805EA010ED9F8085005FA0CF545EAD3
:107A30000E05022AC56002FA0CF27FF46CAFDD0875
:107A400000EB850603F0070E356A0095D9F8105053
:107A50004FEA8E0E05FA0EF501950F2505FA0EFE7A
:107A6000009D25EA0E0E019D45EA0E05356252E79E
:107A7000032101FA0CF1C943D2E74FF0030E0EFACD
:107A800005F5294386E70BFA05F5294382E74FF010
:107A9000020E0EFA05F529437CE74FF0040E0EFAAC
:107AA00005F5294376E700BF0010024000040048B6
:107AB00000080048000C004800100048001400486E
:107AC000000401400AB1816170478162704700BFC4
:107AD000002800F0D78038B590F89132044603F0C2
:107AE000FF02002B00F0C9800323206884F8913244
:107AF00002F0B0FF2279002A00F0AE8000234FF49C
:107B00008071012AC4E908332182E374A36200F082
:107B1000C08040F20111022AC4E91233218784F89F
:107B20003B30236544D04FF48171032AC4E91C33F0
:107B3000A4F8601084F86330A36739D040F20311D1
:107B4000042AC4E92633A4F8881084F88B30C4F8DA
:107B5000A0302DD04FF48271052AC4E93033A4F847
:107B6000B01084F8B330C4F8C83021D040F2051109
:107B7000062AC4E93A33A4F8D81084F8DB30C4F8F4
:107B8000F03015D04FF48371072AC4E94433A4F8C8
:107B9000001184F80331C4F8183109D0C4E94E3318
:107BA00040F20711A4F8281184F82B31C4F84031B1
:107BB00000230121022AC4E95833C4E96233A4F83E
:107BC000503184F85331C4F86831A4F8781184F83E
:107BD0007B31C4F890313FD00221032AC4E96C33D1
:107BE000A4F8A01184F8A331C4F8B83134D003212B
:107BF000042AC4E97633A4F8C81184F8CB31C4F858
:107C0000E03129D00421052AC4E98033A4F8F01119
:107C100084F8F331C4F808321ED00521062AC4E9DD
:107C20008A33A4F8181284F81B32C4F8303213D007
:107C30000621072AC4E99433A4F8401284F8433299
:107C4000C4F8583208D0C4E99E330722A4F8682249
:107C500084F86B32C4F880322346002553F8040BB5
:107C600093E8060002F000FFA37A257301229342F5
:107C700084F8912208D0284638BD80F89022FBF77E
:107C800029FC31E701207047204600F005FF284617
:107C900038BDC4E95833A4F8503184F85331C4F8DE
:107CA0006831D9E790F89032012B0ED010B5044618
:107CB0000123006884F8903202F0C2FE206803F0CD
:107CC00051FC002084F8900210BD0220704700BFD4
:107CD0002DE9F84F0446006803F050FC10F400450D
:107CE0002BD1430500F1D68147041BD410F4005179
:107CF00040F03182C60400F18680050500F1298339
:107D0000010600F1FA82820500F10984C30512D54B
:107D10002268B2F8443023F480731B041B0CA2F8D1
:107D2000443008E02268B2F8443023F480431B0456
:107D30001B0CA2F84430BDE8F88F2068B0F844303E
:107D40001F04F8D5DFF8E0A210E011F0100100F0F8
:107D5000BF80018811F400658BB240F043811E049E
:107D600000F1B581B0F844301A04E4D5B0F84430DD
:107D700013F00F0599B2E8D02EB230F8263019046E
:107D80001FFA83F862D418F0800FEBD030F8263059
:107D90009BB203EA0A0343F4004320F8263005EBC4
:107DA000850304EBC303AF00DA7C012A00F0DE8117
:107DB00018F4807C40F0B480B0F85050197C40F248
:107DC000024210FA85F502EBC10206EB8606AA5ABA
:107DD00004EBC605C2F30902AF6A97424FEAC60632
:107DE00040F2EE81BF1AAF62002F00F0EB81103637
:107DF000A1195E6A16445E62EB6A1344EB6203F0FB
:107E000057F92068AEE72268B2F8403023F0040347
:107E10001B041B0CA2F84030B2F8403023F00803DA
:107E20001B041B0CA2F8403094F8C832012B00F060
:107E300084832046FBF7B6FB2268B2F8443023F473
:107E400080531B041B0CA2F8443074E730F8262042
:107E500040F68F73134043F0800305EB850120F853
:107E6000263004EBC101AF0091F85C31002B40F0EB
:107E7000DD80B0F8503000F2064212FA83F391F838
:107E8000502133F83290C9F30909B9F1000F40F0DD
:107E9000BC817B1904EBC303D3F86C214A44C3F8BB
:107EA0006C21D3F864214A44C3F86421D3F86821D3
:107EB00022B1D3F860314B4540F289812F4404EB65
:107EC000C707204697F85011FBF732FB20685AE7A6
:107ED00003889BB203EA0A0343F400430380B0F82B
:107EE0005030227C10FA83F040F2024303EBC203CD
:107EF000626AC35AC3F30903E36213446362204610
:107F0000FBF722FB237B002B6AD0A36A002B67D1EF
:107F1000227B206842F08002A0F84C20237321E7E6
:107F2000197CB0F8503006EB86064FEAC10C18F009
:107F3000400204EBC6061CFA83F300F06E8100F2E7
:107F40000249B26A33F80930C3F309039A420FFABF
:107F500081FE00F255820023B3627B1904EBC30358
:107F60005B7C002B40F0B483B0F8503019FA83F9F1
:107F70000CF2064239F83E30C3F3090329F83E30CB
:107F800039F83E309BB243F4004329F83E30B0F854
:107F9000503002449BB2D65AC6F30906D652D65A7E
:107FA000B6B246F40046D6527B1904EBC303DB7C21
:107FB000022B0ED130F82E309BB223F4E04323F095
:107FC000400383F0200343F4004343F0800320F890
:107FD0002E302046FBF7B8FA18F4804F40F06E813F
:107FE0002068BFE6B0F8502094F8501140F20643E4
:107FF00010FA82F203EBC10304F52671D35AB4F8E8
:108000005621C3F30903C4F86C3103F0CBFA22689C
:10801000118840F68F730B4043F080032046138095
:10802000FBF77AFA20689DE60F8FFFFF91F8533136
:10803000022B00F0A98191F8502130F8223023F46E
:10804000E04323F070031B041B0C43F4004343F094
:10805000C00320F8223091F850311AB230F82220B3
:1080600012F4804FB0F8502000F0BB8000F2024CB8
:108070001CFA82F232F83390C9F30909B9F1000F02
:108080003FF407AFB1F85821D1F864114B4603F023
:1080900089FAFEE62268B2F8443023F480631B04B8
:1080A0001B0CA2F844302046FBF75CFA94F890329F
:1080B000012B3FF440AE0123206884F890322573F1
:1080C000294603F049FA84F89052BDE8F88F0288F7
:1080D00040F68F73134043F080030380B0F85020C4
:1080E00094F8501140F2064310FA82F203EBC103F8
:1080F000D35AC3F30903C4F86C3193B1D4F86411B3
:1081000079B1B4F8562103F04DFAD4F86431D4F8BB
:108110006C21134420462946C4F86431FBF708FA61
:10812000206803881D059AB23FF51CAE02F4405248
:10813000B2F5405F3FF416AE038823F4804323F08A
:1081400070031B041B0C83F4405343F4004343F0BF
:108150008003038006E62268B2F8443023F400531B
:108160001B041B0CA2F84430BDE8F88F6A1C02EB1C
:108170008202002144F832101A7FC2B118F0400880
:108180005A7C40F0AF80002A40F0EA811B7CB0F8B6
:10819000502000EBC30303F2064392B2995AC1F395
:1081A00009019952995A89B241F4004199527B19B7
:1081B00004EBC3032046197CFBF7C6F92068D1E520
:1081C000C5F828C02046FBF7BFF92068CAE528217A
:1081D00001FB0541206801F5A87102F069FF2068E4
:1081E000D1E500F2064C1CFA82F232F83390C9F362
:1081F0000909B9F1000F3FF44CAEB1F85A21D1F89A
:1082000064114B4603F0CEF943E6B1F85621D1F89C
:1082100064114B4603F0C6F93BE600F20649D6F876
:1082200028B033F80930C3F309039B450FFA81FEE8
:1082300080F01981B2627B1904EBC3035B7C002BD5
:1082400040F03482B0F850300CF202429BB202444B
:10825000D65AC6F30906D652D65AB6B246F40046E6
:10826000D652B0F8503019FA83F939F83E30C3F3DA
:10827000090329F83E3039F83E309BB243F40043FD
:1082800029F83E307B1904EBC303DB7C022B0ED1B3
:1082900030F82E309BB223F4E04323F0400383F008
:1082A000200343F4004343F0800320F82E3020469F
:1082B000FBF74AF918F4804F7FF492AE7B1904EB78
:1082C000C30320681A7C30F8223023F4E04323F003
:1082D00070031B041B0C43F4404343F0800320F85D
:1082E00022303FE5002A40F02E811B7CB0F8502060
:1082F00000EBC30303F202434FE72268B2F84430B5
:1083000023F080031B041B0CA2F8443094F8C832FD
:10831000002B40F00081B2F840309BB243F00403E0
:10832000A2F84030B2F840309BB243F0080301217C
:10833000A2F8403084F8C812B2F85430C3F38D0369
:1083400003F03C03C4F8CC322046BDE8F84F00F0FF
:10835000BBBB2268B2F840309BB243F00803A2F8DE
:108360004030B2F8443023F400631B041B0CA2F825
:108370004430B2F840309BB243F004032046A2F8E8
:108380004030FBF7F7F8D6E418F48042B0F85030EC
:1083900000F0F48000F2024212FA83F391F850C127
:1083A000D1F8682133F83C30C3F309039A42994667
:1083B000C0F06681D21AC1F86821002A00F06381FA
:1083C00018F0400F0FD00FFA8CFC30F82C2022F45C
:1083D000E04222F070021204120C42F4004242F019
:1083E000C00220F82C200BB9994652E5791904EB0C
:1083F000C101B1F85821D1F8641103F0D3F848E570
:10840000D21AB262002A3FF4A8AD18F4804F0DD002
:1084100030F82E2022F4E04222F070021204120CF6
:1084200042F4404242F0800220F82E2007EB05087B
:1084300004EBC80898F83420012A00F0D4807B1996
:1084400004EBC3031A7C30F822309BB223F4E043E0
:1084500023F0400383F0300343F4004343F08003F0
:1084600020F822307EE4ABEB0302B262002A3FF434
:10847000E2AE18F4804F0DD130F82E2022F4E04205
:1084800022F070021204120C42F4404242F08002C8
:1084900020F82E2007EB050804EBC80898F83420D4
:1084A000012ACCD1D8F82420D118C8F82410F26AB7
:1084B0001A44F262D8F83060D8F820209642C0F012
:1084C0003581B61AC8F8306093B27E1904EBC6063F
:1084D00096F811B0BBF1000F40F01D81B0F850606C
:1084E00019FA86F9CC4439F83E60C6F3090629F832
:1084F0003E60002A40F05C8139F83E2092B242F49E
:10850000004229F83E207A1904EBC202528B03F094
:1085100039F8206893E72046FBF72CF80BE4226833
:10852000B2F8443023F400731B041B0C2046A2F85D
:108530004430FBF715F8FFF7FEBB84F8C81220465D
:1085400000F0C2FA75E4012A7FF431AE1B7CB0F86A
:10855000502000EBC30303F2024392B2995226E685
:10856000012A7FF424AE1B7CB0F8502000EBC3033B
:1085700003F2064392B223F8028018E600F2064C9A
:108580001CFA83F391F850C1D1F868E133F83C301C
:10859000C3F309039E4599465DD3AEEB0302C1F8D0
:1085A0006821002A59D018F0400F0FD10FFA8CFC27
:1085B00030F82C2022F4E04222F070021204120C57
:1085C00042F4004242F0C00220F82C20002B3FF47D
:1085D0000BAF791904EBC101B1F85A21D1F864113C
:1085E00002F0E0FF55E4D8F82420D118C8F8241090
:1085F000F26A1A44F262D8F83060D8F82020964225
:10860000C0F08380B61AC8F8306093B27E1904EBCC
:10861000C60696F811B0BBF1000F6CD1B0F85060EF
:1086200019FA86F9CC4439F83E60C6F3090629F8F0
:108630003E60002A40F0968039F83E2092B242F423
:10864000004229F83E207A1904EBC202128B02F094
:1086500099FF2068F3E6C1F868210FFA8CF130F831
:10866000212022F4804222F070021204120C82F4C3
:10867000005242F4004242F0800220F8212092E7AA
:108680000022C1F868210FFA8CF130F8212022F481
:10869000804222F070021204120C82F4005242F462
:1086A000004242F0800220F8212089E6012B7FF46D
:1086B000E9ADB0F850300CF202429BB20244002601
:1086C000D652B0F8503019FA83F929F83E60D9E54E
:1086D000012B7FF469ACB0F8503019FA83F9002609
:1086E00029F83E60B0F850300CF2064202449BB2CA
:1086F000D65259E4B3B2BBF1010FA4D1B0F8502067
:1087000019FA82F929F83E309DE7A6B988F8346055
:108710001A467BE7B3B2BBF1010F7FF4F4AEB0F8B9
:10872000502019FA82F929F83E30ECE64EBB88F861
:1087300034601A46C9E698F811B0002388F834303E
:10874000C8F83030BBF1000FD4D1B0F8503019FA6E
:1087500083F9CC4439F83E30C3F3090329F83E309D
:108760003246B3B23E2A32D85608D207BCF80020AF
:1087700048BF013692B242EA862292B2ACF800209B
:1087800061E798F811B00023C8F8303088F8343029
:10879000BBF1000FBED1B0F8503019FA83F9CC44C8
:1087A00039F83E30C3F3090329F83E303246B3B2FC
:1087B0003E2A1ED85608D207BCF8002048BF013612
:1087C00092B242EA862292B2ACF800209BE65609A9
:1087D000D206BCF8002008BF06F1FF3692B242EA8A
:1087E00086226FEA42426FEA524292B2ACF800200F
:1087F00029E75609D206BCF8002008BF06F1FF366B
:1088000092B242EA86226FEA42426FEA524292B242
:10881000ACF8002077E600BF90F89022012A0CD037
:1088200010B504460122006884F89022217302F0FA
:1088300093FE002084F8900210BD0220704700BF14
:1088400001F0070C11F0800F4FF0280110B501FB6B
:108850000C01044620D10CEB8C0E00EBCE0E002058
:1088600001F5A8718EF85101022BCB70C2F30A02F8
:1088700004BF00230B7181F800C00A6194F89032A4
:10888000012B13D00123206884F8903202F000F904
:10889000002084F8900210BD0CEB8C0004EBC000AB
:1088A0004FF0010E103180F811E0DDE7022010BD1D
:1088B00001F0070303EB830211F0800F4FF0280152
:1088C00010B500EBC202044601FB030113D101F510
:1088D000A871002082F851010B7094F89032012B9E
:1088E00011D00123206884F8903202F001FB0020AF
:1088F00084F8900210BD1031012050740B7094F870
:108900009032012BEDD1022010BD00BF10B501F057
:10891000070E0EEB8E0C00EBCC0C2821002401FB83
:108920000E01CCF8642100688CF850E1CCE95A348F
:108930008CF8514101F5A87102F0BAFB204610BD38
:1089400010B501F0070E0EEB8E0100EBC10C614675
:10895000CCF82830CCF83030002401230068CCF863
:10896000242010318CF83430CCF82C408CF81130A5
:108970008CF810E002F09CFB204610BD027901F05B
:1089800007039A4232D30A0610B504461BD401EB02
:108990008102282000FB014104EBC20201F5A8710D
:1089A000002082F8510101228A700B7094F89032F5
:1089B000934219D0206884F8902202F057FD0020DD
:1089C00084F8900210BD03EB8302282101FB030110
:1089D00000EBC20210310120507401228A700B702A
:1089E00094F890329342E5D1022010BD01207047E7
:1089F00038B5027901F00F039A422FD301F0070333
:108A000003EB830211F0800F4FF02801044600EBC6
:108A1000C20201FB030115D101F5A8710020002558
:108A200082F851018D700B7094F89032012B13D0A5
:108A30000123206884F8903202F040FD84F89052BF
:108A4000284638BD10310120002550748D700B7000
:108A500094F89032012BEBD1022038BD012038BDB3
:108A600011F0800F0BD001F0070101EB810100EB49
:108A7000C10010305AB9C38002730020704701EB67
:108A8000810100EBC10000F5A870002AF3D001229B
:108A9000836002730020704702460020116810B402
:108AA00082F8C802B1F8543001249BB22343C2F8C3
:108AB000D042A1F85430B1F8543010BC9BB243F00E
:108AC0000203A1F854307047704700BF10B4394A10
:108AD00068B9136803F4C063B3F5806FD2F88030CF
:108AE00020D023F4807310BCC2F880307047B0F5FA
:108AF000007F08D0136810BC23F4C06343F4806384
:108B0000002013607047136803F4C063B3F5806FEF
:108B1000D2F880302DD043F48073002010BCC2F80E
:108B20008030704723F48073C2F880301168224C83
:108B3000224821F4C06141F40071116023683221A0
:108B400001FB03F35169A0FB03039B0C480503F1F0
:108B5000010306D500E023B15169490503F1FF3354
:108B6000F9D4144B5B695C0554BF0020032010BC92
:108B7000704743F48073C2F8803011680E4C0F4880
:108B800021F4C06141F4007111602368322101FBBE
:108B900003F35169A0FB03039B0C480503F1010398
:108BA000DFD501E0002BDCD05169490503F1FF332B
:108BB000D7D5F7E7007000400400002083DE1B4398
:108BC00070B52B4CFCF7F4FA236843F48073054628
:108BD000236004E0FCF7ECFA401B022825D8236848
:108BE0005B05F7D56368224E43F080436360FCF772
:108BF000DFFA0123A360054641F2883404E0FCF764
:108C0000D7FA401BA04210D8B36803F00C03042B22
:108C1000F5D11849184B194A08681A60FCF77EFA12
:108C2000044628B10124204670BD0324204670BDAF
:108C30004FF4807333603360FCF7BAFA0C4E05468C
:108C400004E0FCF7B5FA431B022BEED8336813F0AF
:108C50000073F6D14FF480514FF0FF32F160B361F1
:108C60003262D6F8943043F40003C6F89430DDE75E
:108C700000100240E0010020040000200024F40065
:108C8000002800F0FE812DE9F0410368D90782B089
:108C900004462DD5AE498A68C96802F00C020C2A38
:108CA00000F00581082A00F007816368B3F5803F72
:108CB00000F07581B3F5A02F00F0D681A44D2A688D
:108CC00022F480322A602A6822F480222A60002B53
:108CD00040F06A81FCF76CFA064605E0FCF768FA9A
:108CE000801B642800F27D812B689F03F6D42368E3
:108CF0009E0728D5964A9368D26803F00C030C2B84
:108D000000F02E81042B00F03081E368904D002BA1
:108D100000F058812B6843F480732B60FCF748FA0D
:108D2000064605E0FCF744FA801B022800F2598150
:108D30002B685805F6D56B68226923F0FE4343EA99
:108D400002636B6023681A0719D56369804D002B95
:108D500000F09880D5F8943043F00103C5F89430C2
:108D6000FCF726FA064605E0FCF722FA801B0228EB
:108D700000F23781D5F894309B07F5D523685E075C
:108D800041D5734B9A6DD50000F12F819A6D42F059
:108D900080529A659B6D03F080530193019B0125DE
:108DA0006C4E3368D80540F14E81A368012B00F06A
:108DB0001E81052B00F06781654ED6F8902022F0C9
:108DC0000102C6F89020D6F8902022F00402C6F8DE
:108DD0009020002B40F01281FCF7EAF941F288382C
:108DE000074605E0FCF7E4F9C01B404500F2F980B6
:108DF000D6F890309B07F5D425B1554A936D23F0F2
:108E00008053936523689D0618D5A369504D002BA8
:108E100000F00581D5F8983043F00103C5F898308B
:108E2000FCF7C6F9064605E0FCF7C2F9801B0228EC
:108E300000F2D780D5F898309807F5D5E06900287A
:108E400000F08280424DAB6803F00C030C2B00F065
:108E500028812B68022823F080732B6039D0FCF71F
:108E6000A7F9044605E0FCF7A3F9001B022800F26D
:108E7000B880286810F00070F5D1EA68364B1340CE
:108E8000EB6062E0D5F8943023F00103C5F894302C
:108E9000FCF78EF9064605E0FCF78AF9801B0228EC
:108EA00000F29F80D5F894309F07F5D466E701F073
:108EB000030103297FF4F9AE254A126892037FF576
:108EC00017AF6268002A7FF413AF012002B0BDE83B
:108ED000F081FCF76DF9064604E0FCF769F9801BA8
:108EE00002287ED82B689A01F7D4E9681B4B226AC6
:108EF000606A174E0B401343D4E90A1243EA012378
:108F000043EAC263D4E90C120138490843EA00136A
:108F10000139520843EA4153013A43EA4263EB60A4
:108F20002B6843F080732B60EB6843F08073EB6039
:108F3000FCF73EF9044604E0FCF73AF9001B02286E
:108F40004FD833689B01F7D5002002B0BDE8F0810F
:108F50000010024000700040FCFFEEFE0C809F01FC
:108F600002F00302022A7FF4D0AE684B1B685D0555
:108F700002D5E368002BA8D0644A2069536864498D
:108F800023F0FE4343EA006353600868FCF7C6F829
:108F900000289AD123681A077FF5F1AED5E65B4A1F
:108FA000136843F480331360FCF702F9574E05460B
:108FB00004E0FCF7FDF8401B642812D833689B03DB
:108FC000F7D594E62B6823F480732B60FCF7F0F858
:108FD00006462B685905DDD5FCF7EAF8801B022808
:108FE000F7D9032002B0BDE8F0810025D8E6474A52
:108FF000D2F8903043F00103C2F89030FCF7D8F873
:10900000424F064641F2883804E0FCF7D1F8801B55
:109010004045E6D8D7F890309A07F6D5ECE6D5F873
:10902000983023F00103C5F89830FCF7C1F80646E4
:1090300004E0FCF7BDF8801B0228D2D8D5F89830A0
:109040009907F6D4FAE6336843F480733360FCF78B
:10905000AFF807463368D9053FF5A7AEFCF7A8F887
:10906000C01B0228F6D9BCE703F18043A3F53C33CB
:109070001A6842F480221A601A6842F480321A6038
:1090800092E701207047214BD3F8902042F0040270
:10909000C3F89020D3F8902042F00102C3F890204A
:1090A000ACE701283FF451AFEB68226A03F00301FB
:1090B00091427FF40AAF616A03F0F0020139B2EB2A
:1090C000011F7FF402AFA16A03F4FE42B2EB012F4D
:1090D0007FF4FBAEE16A03F07842B2EBC16F7FF43C
:1090E000F4AE226B520803F4C001013AB1EB425FC7
:1090F0007FF4EBAE626B520803F0C063013AB3EB4E
:10910000426F14BF012000201FE700BF0010024083
:10911000E0010020144B9A6802F00C02042A21D0CE
:109120009A6802F00C02082A1CD09A6802F00C021D
:109130000C2A01D000207047D968D868C0F303100A
:10914000421CD868094BB3FBF2F2074BDB68C3F350
:109150004163C0F30620013302FB00F05B00B0FB6B
:10916000F3F0704701487047001002400024F400FB
:10917000002800F0E9807C4A2DE9F843136803F0E9
:109180000F038B420D4604460CD2136823F00F03E5
:109190000B431360136803F00F038B4202D00120CE
:1091A000BDE8F8832368DF0763D56268032A00F00F
:1091B0009A806E4B022A1B6800F091805B05EED509
:1091C000FFF7A8FF6A4B984200F2C08062684FF038
:1091D0000009664EB36823F003031A43B260FBF73D
:1091E000E7FF41F28838074604E0FBF7E1FFC01BC8
:1091F000404571D8B368626803F00C03B3EB820F8B
:10920000F3D123689F0736D4B9F1800F03D1B36837
:1092100023F0F003B360544E336803F00F03AB4206
:1092200046D823685A0706D55049E0688A6822F470
:10923000E06202438A601B0707D54C4A21699368A4
:1092400023F4605343EAC1039360FFF763FF474A87
:10925000484C92684849C2F303120346A25C47484F
:1092600002F01F02D3400B600068BDE8F843FBF733
:1092700055BF9E07CFD5580704D53C498A6842F4AC
:10928000E0628A60190706D5384A936823F47C5354
:1092900043F4E0639360354AA1689368324E23F04B
:1092A000F0030B439360336803F00F03AB42B8D96C
:1092B000336823F00F032B433360FBF779FF41F250
:1092C00088380746336803F00F03AB42A9D0FBF799
:1092D0006FFFC01B4045F5D90320BDE8F8839A0312
:1092E0003FF56EAF5BE72149086880017FF557AF16
:1092F000CE68C868C968224E1D4FC0F30310013004
:10930000B6FBF0F0194EC1F3062100FB01F1F06845
:10931000C0F3416001304000B1FBF0F1B94220D907
:10932000B16811F0F00F05D013F002093FF451AF0E
:10933000A368B3B90D498B6823F0F00343F08003B1
:109340008B604FF0800944E701207047074A93681B
:109350004FF0800923F0F00343EA09039360626849
:1093600037E74FF0000934E70020024000100240C8
:1093700000B4C4048CBF000804000020E0010020F9
:109380000024F400054B064A9B680649C3F30223F8
:109390000868D35C03F01F03D840704700100240F8
:1093A0009CBF000804000020054B064A9B68064944
:1093B000C3F3C2230868D35C03F01F03D84070478F
:1093C000001002409CBF0008040000202DE9F0417D
:1093D0000368044613F4002082B056D0AC4B9A6D5B
:1093E000D50040F13E810027AA4D2B6843F48073DD
:1093F0002B60FBF7DDFE064605E0FBF7D9FE831B7D
:10940000022B00F239812B68D805F6D5A04DD5F88E
:10941000903013F4407327D0226D9A4225D0D5F8AE
:109420009010D5F8903043F48033C5F89030D5F8DB
:10943000903023F48033C5F8903021F44073C9078D
:10944000C5F8903040F14881FBF7B2FE41F2883810
:10945000064605E0FBF7ACFE801B404500F20C81A0
:10946000D5F890309B07F5D5236D8949D1F8902028
:1094700022F440721343C1F89030002027B1844A8F
:10948000936D23F0805393652368DD0708D58049E9
:109490006568D1F8882022F003022A43C1F88820A9
:1094A000990708D57A49A568D1F8882022F00C02DE
:1094B0002A43C1F888205A0708D57549E568D1F8CC
:1094C000882022F030022A43C1F888201F0708D5DF
:1094D0006F492569D1F8882022F0C0022A43C1F8DB
:1094E0008820DE0608D56A496569D1F8882022F40B
:1094F00040722A43C1F888209D0608D56449A569B1
:10950000D1F8882022F440622A43C1F88820590605
:1095100008D55F49E569D1F8882022F440522A43F2
:10952000C1F888201A0608D55949256AD1F888203B
:1095300022F440422A43C1F88820DF0508D5544967
:10954000656AD1F8882022F440322A43C1F8882085
:109550009E0308D54E49A56AD1F89C2022F003024B
:109560002A43C1F89C209D0508D54949E56AD1F8F0
:10957000882022F440222A43C1F8882059050BD5BF
:109580004349256BD1F8882022F440122A43B5F5CF
:10959000801FC1F8882071D01A050BD53C49656B36
:1095A000D1F8882022F440022A43B5F5800FC1F893
:1095B000882068D0DF040BD53549A56BD1F8882009
:1095C00022F040722A43B5F1807FC1F8882063D031
:1095D0009E040BD52E49E56BD1F8882022F040621D
:1095E0002A43B5F1006FC1F888205AD05D040BD52D
:1095F0002749256CD1F8882022F040622A43B5F132
:10960000006FC1F8882051D019040BD52049656C32
:10961000D1F8882022F040522A43B5F1805FC1F88A
:10962000882048D0DA030BD51949A56CD1F88820D9
:1096300022F040422A43B5F1804FC1F888203FD044
:109640005B030BD5124AE16CD2F89C3023F4401333
:109650000B43B1F5001FC2F89C3036D002B0BDE814
:10966000F0819A6D42F080529A659B6D03F08053B1
:109670000193019B0127B7E60320FFE6CA6842F485
:109680008012CA6088E7CA6842F48012CA6091E713
:109690000010024000700040CA6842F48012CA60A4
:1096A00096E7CA6842F48012CA609FE7CA6842F42B
:1096B0008012CA60A8E7CA6842F48032CA60B1E783
:1096C000CA6842F48032CA60BAE7D36843F48013B0
:1096D000D36002B0BDE8F0811346C6E6B0F5002FB6
:1096E0009F4A55D0D36803F00303022B49D0D368B7
:1096F00003F00303032B00F00E8100229849CB688E
:10970000B0F5007FC3F3031303F10103B2FBF3F3DE
:1097100000F00D826BD8202850D800284DD0013899
:109720001F282CD8DFE810F0FE0024012B00400198
:109730002B002B002B005C012B002B002B002B009F
:109740002B002B002B0078012B002B002B002B0073
:109750002B002B002B002B002B002B002B002B00B1
:109760002B002B002B009801D1F8882002F04052EA
:10977000B2F1805F00F02D82B2F1005F51D0002085
:1097800070471268774B12F4806218BF1A46B5E72B
:10979000D2F89030D2F89020920703F4407300F191
:1097A000A4806F4AD2F89420900700F1A5806C4AFB
:1097B000106810F4003040F0A6807047802800F058
:1097C000D981B0F5807F2ED1D1F8883013F44033A1
:1097D00000F09F80B3F5803F23D0086810F48060CC
:1097E000EBD0B3F5003F5F4818BF00207047B0F5DD
:1097F000804F47D03DD9B0F5003F00F0858126D994
:10980000B0F5802FBBD1D1F89C2002F44012B2F504
:10981000001F00F05581B2F5801F00F0D881002AAA
:10982000ADD1FFF777BC4028A9D1D1F8883013F427
:1098300040536ED0B3F5805FF3D0086810F48060B9
:10984000BBD0B3F5005F474818BF00207047B0F5A4
:10985000004F89D0B0F5803F91D1D1F8882002F037
:109860004042B2F1804F00F03881B2F1004F86D112
:10987000D7E7B0F5805F00F00F8115D9B0F5005F34
:109880007FF47DAFD1F8882002F04062B2F1006F22
:1098900000F01681D1F8980010F002008DD0002A57
:1098A000314818BF00207047B0F5806F00F0778115
:1098B000B0F5006F7FF463AFD1F8882012F4400256
:1098C000AFD0B2F5800F00F0A581B2F5000F00F027
:1098D000B181234B186810F480603FF46EAFB2F58D
:1098E000400F204818BF00207047B3F5807F7FF4F9
:1098F00058AF4FF400407047B3F5007F7FF457AF87
:109900004FF4FA407047B3F5407F184818BF002065
:109910007047FFF737BD1268124B12F4003218BFC0
:109920001A46EBE60E4AD2F8883013F0030300F033
:109930006381012B3FF475AF1268510502D5022BEC
:1099400000F04581064AD2F8900010F002003FF482
:1099500034AF032B14BF00204FF40040704700BF0A
:10996000001002400024F400006CDC0220A107007B
:10997000AE4AD2F8883013F00C03CAD0042B3FF45F
:1099800050AF1268520502D5082B00F02081A74A7B
:10999000D2F8900010F002003FF40FAF0C2B14BF70
:1099A00000204FF400407047A04AD2F8883013F0EE
:1099B0003003AED0102B3FF434AF1268500502D5FF
:1099C000202B00F00481994AD2F8900010F0020098
:1099D0003FF4F3AE302B14BF00204FF4004070472B
:1099E000924AD2F8883013F0C00392D0402B3FF453
:1099F00018AF1268510502D5802B00F0E8808B4A21
:109A0000D2F8900010F002003FF4D7AEC02B14BF84
:109A100000204FF400407047844AD2F8883013F495
:109A200040733FF476AFB3F5807F3FF4FAAE12682F
:109A3000520503D5B3F5007F00F0C9807B4AD2F808
:109A4000900010F002003FF4B8AEB3F5407F14BFB1
:109A500000204FF400407047744AD2F8883013F465
:109A600040633FF456AFB3F5806F3FF4DAAE12684F
:109A7000500503D5B3F5006F00F0A9806B4AD2F80A
:109A8000900010F002003FF498AEB3F5406F14BFA1
:109A900000204FF400407047D1F8882002F0407257
:109AA000B2F1007F3FF435AF002A00F09080B2F1B0
:109AB000807F7FF464AEC86810F480103FF47DAE00
:109AC000C868CA68C2F341520132C0F3062003FBE2
:109AD00000F05300B0FBF3F07047C86810F480301A
:109AE0003FF46BAE5149C868CA68D20EC0F3062075
:109AF00005D1CA6812F4003F14BF1122072200FBEF
:109B000003F3B3FBF2F07047D1F89C3013F003037A
:109B10003FF4FFAE012B3FF484AE086810F4806080
:109B20003FF44BAE022B424818BF00207047D1F8DB
:109B3000883013F440233FF4ECAED1F89420910721
:109B400003D5B3F5802F3FF4DBAE384A12685205D7
:109B500002D5B3F5002F3AD0344AD2F8900010F075
:109B600002003FF42AAEB3F5402F14BF00204FF49B
:109B700000407047D1F8883013F440433FF4C9AE39
:109B8000B3F5804F3FF44DAE086810F480603FF4A9
:109B900014AEB3F5004F264818BF00207047D1F827
:109BA000882012F440123FF43CAEB2F5801F25D05D
:109BB000B2F5001F3ED01D4B186810F480603FF4D2
:109BC000FCADB2F5401F1A4818BF00207047184876
:109BD000F3E5C86810F480303FF4EFADC868CA6898
:109BE000D20EC0F306208AD1104AD26812F4003F88
:109BF00014BF1122072282E7FFF7D6BBC86810F412
:109C000080103FF4DAAD02F18042A2F55F22D06805
:109C1000D26857E702F17F5202F50432D06810F49F
:109C200080103FF4CAADD068D2684BE70010024004
:109C30000024F400004870470080BB00114B9A6B71
:109C400042F4807210B49A63996B0F4A21F48071C8
:109C50009963D0E90141036823430B43D0E90341F1
:109C6000234343EA014353601368416910BC23F462
:109C7000FE4343EA01231360136843F0600313605B
:109C8000704700BF0010024000200040036A026AD3
:109C900022F00102026230B4446882690D6822F445
:109CA000803222F073022A438D6823F002032B4393
:109CB000154DA84213D005F50065A8420FD005F553
:109CC0004065A8420BD005F58065A84207D005F590
:109CD0008065A84203D005F50065A8420DD1CD6886
:109CE00023F008032B43D1E905C524F440744CEA62
:109CF000050C23F004034CEA0404496844608261C3
:109D000030BC416303627047002C0140036A026A61
:109D100022F48072026230B44468C2690D6822F491
:109D2000803222F073022A438D6823F4007343EAE1
:109D300005231C4DA84217D005F50065A84213D095
:109D400005F5E055A84225D0174DA84213D005F5DA
:109D50008065A8420FD005F58065A8420BD005F5B7
:109D60000065A8420FD106E0CD6823F4006343EA02
:109D7000052323F48063D1E905C524F440544CEA5B
:109D8000050C44EA0C1449684460C26130BCC163EC
:109D900003627047CD6823F4006343EA052323F48C
:109DA0008063D1E7002C014000400140036A026A51
:109DB00022F48052026230B44468C2690D6822F015
:109DC000807222F4E64242EA05228D6823F40053B1
:109DD00043EA05331C4DA84217D005F50065A8429B
:109DE00013D005F5E055A84225D0184DA84213D050
:109DF00005F58065A8420FD005F58065A8420BD017
:109E000005F50065A8420FD106E0CD6823F40043B4
:109E100043EA053323F48043D1E905C524F44044E3
:109E20004CEA050C44EA8C1449684460C26130BCB9
:109E3000016403627047CD6823F4004343EA0533AD
:109E400023F48043D1E700BF002C014000400140D3
:109E5000704700BF002800F0958010B590F83D30A5
:109E6000044603F0FF02002B00F08180236849497B
:109E7000022284F83D208B421A6864D0B3F1804FEF
:109E80002CD0A1F594318B4228D001F580618B4212
:109E900024D001F580618B4220D001F594318B42B2
:109EA00051D001F5E0518B426ED03B498B4263D0DB
:109EB00001F580618B425FD001F580618B425BD000
:109EC00001F500618B4257D0A069E16822F0800261
:109ED00002431A606268D9629A6210E0A168206940
:109EE00022F070020A4322F44072A169024322F078
:109EF0008002E0680A4361681A60D86299620122B0
:109F00005A611A69D20703D51A6922F001021A614F
:109F1000012384F8483084F83E3084F83F3084F8D8
:109F2000403084F8413084F8423084F8433084F87B
:109F3000443084F8453084F8463084F8473084F85B
:109F40003D30002010BDA068216922F0700202435C
:109F500022F440720A43A16922F080020A431A6087
:109F6000E268DA6262689A6262691A63C7E780F837
:109F70003C20FFF76DFF79E72069A16922F4407268
:109F80000243E9E701207047A16822F070020A430A
:109F90008BE700BF002C01400040014090F83D30AD
:109FA000012B32D103681B49022280F83D20DA6878
:109FB0008B4242F00102DA6019D0B3F1804F16D023
:109FC000154A934213D002F5806293420FD002F5F6
:109FD000806293420BD002F59432934207D002F58F
:109FE0004062934203D002F58052934207D19968B0
:109FF0000A4A0A40062A0AD0B2F5803F07D01A68FA
:10A0000042F0010200201A607047012070470020D2
:10A01000704700BF002C0140000400400700010011
:10A02000002800F0958010B590F83D30044603F00C
:10A03000FF02002B00F0818023684949022284F846
:10A040003D208B421A6864D0B3F1804F2CD0A1F52B
:10A0500094318B4228D001F580618B4224D001F5E8
:10A0600080618B4220D001F594318B4251D001F5B3
:10A07000E0518B426ED03B498B4263D001F5806149
:10A080008B425FD001F580618B425BD001F50061AE
:10A090008B4257D0A069E16822F0800202431A6027
:10A0A0006268D9629A6210E0A168206922F07002A9
:10A0B0000A4322F44072A169024322F08002E06860
:10A0C0000A4361681A60D862996201225A611A696A
:10A0D000D20703D51A6922F001021A61012384F81C
:10A0E000483084F83E3084F83F3084F8403084F8BB
:10A0F000413084F8423084F8433084F8443084F8A6
:10A10000453084F8463084F8473084F83D300020EC
:10A1100010BDA068216922F07002024322F440724F
:10A120000A43A16922F080020A431A60E268DA62F7
:10A1300062689A6262691A63C7E780F83C20F8F7A0
:10A1400043FA79E72069A16922F440720243E9E702
:10A1500001207047A16822F070020A438BE700BF1C
:10A16000002C01400040014070B505460C46002916
:10A1700046D190F83E00A0F10200B0FA80F040090C
:10A1800088BB94B3042C00F0D080082C00F0B2807F
:10A190000C2C00F0DF80102C00F0348195F8431077
:10A1A00001292BD152B34BB3002C3DD0042C00F02D
:10A1B0000C81082C00F0F1800C2C00F0D680102CC3
:10A1C00000F02B81022185F84310211F082915D8A2
:10A1D000DFE811F0FE00140014001400E600140083
:10A1E00014001400CE00022070BD95F83E10A1F1BD
:10A1F0000101B1FA81F149090029D3D1012070BDD3
:10A20000042900F08A80082900F09A800C297CD06B
:10A2100010290CBF90F8420095F84300A0F102000D
:10A22000B0FA80F04009ABE7686A7E4E022185F8FB
:10A230003E1011462A68C6627B4E06637B4E46631B
:10A240003432FBF7F3FE0028D8D12B68DA6842F4E9
:10A250000072DA60186A012204F01F0402FA04F4A2
:10A2600020EA04001862196A714A0C4393421C6286
:10A2700000F0C38002F5006293420FD002F5406205
:10A2800093420BD002F58062934207D002F58062C0
:10A29000934203D002F50062934203D15A6C42F418
:10A2A00000425A64B3F1804F16D0624A934213D0F1
:10A2B00002F5806293420FD002F5806293420BD088
:10A2C00002F59432934207D002F54062934203D0E4
:10A2D00002F58052934207D19968574A0A40062AEC
:10A2E00036D0B2F5803F33D01A6842F00102002028
:10A2F0001A6070BD95F84010A1F10101B1FA81F129
:10A30000490900297FF44EAF78E790F84100A0F1A9
:10A310000200B0FA80F0400932E790F83F00A0F167
:10A320000200B0FA80F040092AE795F83F10A1F149
:10A330000101B1FA81F1490900297FF433AF5DE7EA
:10A3400090F84000A0F10200B0FA80F0400917E751
:10A35000002070BD95F84110A1F10101B1FA81F121
:10A36000490900297FF41EAF48E7022185F8411012
:10A37000286B2C4E11462A68C6622B4E06632B4E64
:10A3800046634032FBF752FE00287FF437AF2B685C
:10A39000DA6842F48052DA605CE7022185F8401006
:10A3A000E86A204E11462A68C6621F4E06631F4E99
:10A3B00046633C32FBF73AFE00287FF41FAF2B6860
:10A3C000DA6842F40062DA6044E7022185F83F105F
:10A3D000A86A144E11462A68C662134E0663134ECD
:10A3E00046633832FBF722FE00287FF407AF2B6864
:10A3F000DA6842F48062DA602CE75A6C42F4004278
:10A400005A6469E795F84210A1F10101B1FA81F1AE
:10A41000490900297FF4C6AEF0E6022385F84230F0
:10A42000ECE600BF69A50008F1A5000855A60008E4
:10A43000002C0140000400400700010038B50C4624
:10A4400005460C2908D8DFE801F05907070750072F
:10A450000707470707070900012038BD0268006B9E
:10A46000D36823F48053D360FBF73EFE2B6804F0DF
:10A470001F001A6A0121814022EA01021A62384A49
:10A48000196A1962934242D002F5006293423ED0AB
:10A4900002F5406293423AD002F58062934236D090
:10A4A00002F58062934232D002F5006293422ED0D0
:10A4B000196A41F21112114208D1196A44F2444258
:10A4C000114203D11A6822F001021A6001236CBB09
:10A4D00085F83E30204638BD0268C06AD36823F450
:10A4E0000063D360FBF700FEC0E70268806AD368B0
:10A4F00023F48063D360FBF7F7FDB7E70268406A97
:10A50000D36823F40073D360FBF7EEFDAEE7196A5E
:10A5100041F211121142CBD1196A44F24442114264
:10A52000C6D15A6C22F400425A64C1E7042C0FD001
:10A53000082C09D00C2C0FD0102C0CBF85F8423001
:10A5400085F84330002038BD85F84030002038BD04
:10A5500085F83F30002038BD85F84130002038BDF7
:10A56000002C0140704700BF10B5846A636A8342C3
:10A570001CD0A36A83420BD0E36A834223D0236BAF
:10A58000834229D02046FFF7EDFF0023237710BD3B
:10A5900002222277DB69002BF4D1012384F83F30BB
:10A5A0002046FFF7DFFF0023237710BD012222772B
:10A5B000DB69002BE6D184F83E202046FFF7D2FF6E
:10A5C0000023237710BD04222277DB69002BD9D129
:10A5D000012384F84030D5E708222277DB69002B7D
:10A5E000D0D1012384F84130CCE700BF704700BFD1
:10A5F00010B5846A626A824219D0A26A8242034616
:10A600000DD0E26A82421AD0226B824204BF082334
:10A6100023772046FFF7EAFF0023237710BD0223AC
:10A6200023772046FFF7E2FF0023237710BD0123A5
:10A6300023772046FFF7DAFF0023237710BD04239A
:10A6400023772046FFF7D2FF0023237710BD00BFFA
:10A65000704700BF10B5846A636A83421CD0A36A46
:10A6600083420ED0E36A834220D0236B834228D0FA
:10A67000012384F83D302046FFF7EAFF00232377CB
:10A6800010BD0123022284F83F3022772046FFF7D5
:10A69000DFFF0023237710BD0123237784F83E30AA
:10A6A0002046FFF7D5FF0023237710BD01230422A6
:10A6B00084F8403022772046FFF7CAFF0023237733
:10A6C00010BD0123082284F8413022772046FFF78D
:10A6D000BFFF0023237710BD036A026A22F0100235
:10A6E000026230B4446882690D6822F0807222F4FC
:10A6F000E64242EA05228D6823F0200343EA05136F
:10A700001C4DA84217D005F50065A84213D005F5E9
:10A71000E055A84225D0184DA84213D005F5806514
:10A72000A8420FD005F58065A8420BD005F500655D
:10A73000A8420FD106E0CD6823F0800343EA051359
:10A7400023F04003D1E905C524F440644CEA050C2C
:10A7500044EA8C0449684460826130BC81630362CE
:10A760007047CD6823F0800343EA051323F04003CC
:10A77000D1E700BF002C01400040014090F83C3080
:10A78000012B00F0FC80012370B504460D4680F8D3
:10A790003C30142A0CD8DFE802F0570B0B0B6C0B83
:10A7A0000B0B820B0B0B970B0B0BAD0B0B0B10005A
:10A7B000002384F83C30012070BD03682E681A6ABB
:10A7C000196A21F4801119625868196D21F080719D
:10A7D00021F4E04141EA0621AE6822F4001242EA87
:10A7E0000652684EB34213D006F50066B3420FD04E
:10A7F00006F54066B3420BD006F58066B34207D03B
:10A8000006F58066B34203D006F50066B34204D174
:10A810006E6920F4802040EA8620586019656968D6
:10A82000D9641A62196D2D6941F400611965196DB9
:10A8300021F4806119651A6D42EA05221A65002328
:10A8400084F83C30002070BD0068FFF71FFA2368D1
:10A850002869996941F008019961996921F0040119
:10A8600099619A6902439A61002384F83C30002080
:10A8700070BD0068FFF730FF23682869996941F4CB
:10A8800000619961996921F4806199619A6942EA4C
:10A8900000229A61002384F83C30002070BD0068DB
:10A8A000FFF734FA23682869D96941F00801D961B2
:10A8B000D96921F00401D961DA690243DA61002320
:10A8C00084F83C30002070BD0068FFF76FFA236801
:10A8D0002869D96941F40061D961D96921F480619D
:10A8E000D961DA6942EA0022DA61002384F83C3057
:10A8F000002070BD03682E681A6A196A21F480313D
:10A9000019625868196D21F4803121F070013143CA
:10A91000AE6822F4003242EA06421A4EB34213D025
:10A9200006F50066B3420FD006F54066B3420BD081
:10A9300006F58066B34207D006F58066B34203D0C1
:10A9400006F50066B34204D16E6920F4803040EA17
:10A95000062058601965696899641A62196D2D6935
:10A9600041F008011965196D21F0040119651A6D8E
:10A970002A431A65002384F83C30002070BD022071
:10A98000704700BF002C014090F83C30012B51D0A3
:10A9900030B40268284D022380F83D30AA42536843
:10A9A00094683BD005F50065AA4232D005F5E05524
:10A9B000AA422ED00D6823F0007323F070032B43BE
:10A9C000B2F1804F536016D01C4B9A4213D003F55E
:10A9D00080639A420FD003F580639A420BD003F54F
:10A9E00094339A4207D003F540639A4203D003F5AB
:10A9F00080539A4204D18B6824F080041C439460F5
:10AA00000023012280F83D2080F83C3030BC1846FD
:10AA100070474D6823F470032B43CBE74D6823F454
:10AA200070032B4323F000730D6823F070032B4356
:10AA30005360E0E702207047002C01400004004012
:10AA400003464BF680720020A3F84400A3F8402090
:10AA5000704700BFB0F84010034644F27F020A403E
:10AA60000020A3F840207047034682B04FF0010C4D
:10AA70000020A3F840C00DF1080CA3F840000CE939
:10AA80000600A3F84400A3F8500002B0704700BFCE
:10AA900070B50C7891F803E00FFA84FC034630F8A7
:10AAA0002C2022F4EC4222F070021204120CBEF1AF
:10AAB000030F00F20382DFE81EF0F500F800AE009D
:10AAC000040042F4C06248F28000024323F82C20C4
:10AAD00033F82C2022F4E04222F070021204120C0F
:10AAE0002243024323F82C20087B002800F0A58095
:10AAF000002033F82C2022F4E24222F070021204EB
:10AB0000120C42F4004242F0800223F82C20B3F8E9
:10AB100050500A8903EBC40414FA85F55208520018
:10AB2000A5F80024B3F850504A8914FA85F5520864
:10AB30005200A5F804244A78002A40F00F8133F827
:10AB40002C2055040DD533F82C2022F4E04222F0BD
:10AB500070021204120C42F4404242F0800223F8C8
:10AB60002C2033F82C2052060DD533F82C2022F45B
:10AB7000E04222F070021204120C42F4004242F051
:10AB8000C00223F82C20B3F850200D6914FA82F289
:10AB9000B2F80214C1F30901A2F80214002D00F06A
:10ABA00023813E2D00F266816908EE0748BF01311E
:10ABB0008D02B2F80214ADB289B22943A2F8021490
:10ABC000B3F8502014FA82F4B4F80624C2F3090250
:10ABD000A4F80624B4F8062492B21543A4F8065447
:10ABE00033F82C2022F4804222F070021204120C5E
:10ABF00048F2800182F440520A4323F82C2033F8B3
:10AC00002C2022F4E04222F040021204120C0A43EB
:10AC100023F82C2070BD48F280052A4323F82C200D
:10AC200033F82C00B14E80B230402043284323F843
:10AC30002C00087B002840F0FE804A78002A40D093
:10AC4000CA88B3F8501003EBC40404F580645208BA
:10AC500089B25200625233F82C2052060DD533F8D7
:10AC60002C2022F4E04222F070021204120C42F472
:10AC7000004242F0C00223F82C2033F82C2022F4AA
:10AC8000E04222F040021204BEF1010F4FEA1242EC
:10AC900010D082F0200242F4004242F0800223F8F9
:10ACA0002C2070BD42F400720DE742F480620AE786
:10ACB00082F4005242F4004242F0800223F82C2039
:10ACC00070BDCA88B3F850500E69510803EBC40236
:10ACD00012FA85F54900A5F80414B3F8501012FAD9
:10ACE00081F2B2F80614C1F30901A2F80614002E8D
:10ACF00000F097803E2E00F2AA80B2F80614750884
:10AD0000F60748BF013589B241EA852189B2A2F828
:10AD1000061433F82C2056040DD533F82C2022F4D9
:10AD2000E04222F070021204120C42F4404242F05F
:10AD3000800223F82C2033F82C2022F4804222F0C9
:10AD400070021204120C002CB2D182F4405242F470
:10AD5000004242F0800223F82C2070BD33F82C20F2
:10AD600051040DD533F82C2022F4E04222F0700279
:10AD70001204120C42F4404242F0800223F82C20CC
:10AD800033F82C2052060DD533F82C2022F4E04263
:10AD900022F070021204120C42F4004242F0C0028F
:10ADA00023F82C2033F82C2022F4E04222F0400239
:10ADB0001204120CBEF1010F18BF82F0200242F4FF
:10ADC000004242F0800223F82C2033F82C2022F499
:10ADD000804222F070021204120C42F4004242F04F
:10ADE000800223F82C2070BDB2F802146FEA4141B2
:10ADF0006FEA514189B2A2F80214B3F8502014FA54
:10AE000082F4B4F80624C2F30902A4F80624B4F8C4
:10AE100006246FEA42426FEA524292B2A4F8062434
:10AE2000DEE6B2F806146FEA41416FEA514189B299
:10AE3000A2F806146DE733F82C2092B2324042F4A7
:10AE4000014242F0800223F82C2000205FE6F10648
:10AE5000B2F806144FEA561508BF05F1FF3589B25E
:10AE600041EA85216FEA41416FEA514189B2A2F876
:10AE700006144EE76909ED0608BF01F1FF31B2F88B
:10AE80000254890289B2ADB20D4345F40045A2F8DF
:10AE90000254B3F8502014FA82F4B4F80624C2F332
:10AEA0000902A4F80624B4F806240A436FEA4242D1
:10AEB0006FEA524292B2A4F8062491E648F280006A
:10AEC000024323F82C2033F82C2022F4E04222F015
:10AED00070021204120C2243024323F82C200A7B36
:10AEE0000120002A7FF405AEA7E600BF8F8FFFFF89
:10AEF0000B7BCBB94B780A78002B00F0B18030F88F
:10AF00002230590600F1C58030F8223023F4E043A6
:10AF100023F040031B041B0C43F4004343F0800365
:10AF200020F82230002070474B780A78002B4BD154
:10AF300030F8223059040DD530F8223023F4E043A4
:10AF400023F070031B041B0C43F4404343F08003C5
:10AF500020F8223030F822305B060DD530F8223050
:10AF600023F4E04323F070031B041B0C43F4004361
:10AF700043F0C00320F8223030F8223023F4E043BD
:10AF800023F070031B041B0C43F4004343F0C00385
:10AF900020F8223030F8223023F4804323F070036D
:10AFA0001B0448F280011B0C0B4320F8223030F8C0
:10AFB000223023F4E04323F040031B041B0C0B431B
:10AFC00020F822300020704730F8223059040DD587
:10AFD00030F8223023F4E04323F070031B041B0CF1
:10AFE00043F4404343F0800320F8223030F822300D
:10AFF0005B060DD530F8223023F4E04323F07003D4
:10B000001B041B0C43F4004343F0C00320F8223020
:10B0100030F8223023F4E04323F070031B041B0CB0
:10B0200043F4404343F0800320F8223030F82230CC
:10B0300023F4E04323F040031B0448F280011B0C7F
:10B040000B4320F8223030F8223023F4804323F0E1
:10B0500070031B041B0C0B4320F8223000207047A8
:10B0600030F822305B040DD530F8223023F4E04371
:10B0700023F070031B041B0C43F4404343F0800394
:10B0800020F8223030F8223023F4804323F070037C
:10B0900040E730F8223023F4E04323F070031B0430
:10B0A0001B0C43F4004343F0C00320F822302BE78D
:10B0B0002DE9F04F4B78012B024636D00B7BEBB1DC
:10B0C000CB78022B00F0B180012B40F0AB80002048
:10B0D0000B78886119B2002032F8213023F48043C4
:10B0E00023F070031B041B0C83F4405343F4004310
:10B0F00043F0800322F82130BDE8F08F88690028F2
:10B1000079D1CB780878002B40F0AE8032F820302F
:10B1100023F4E04323F070031B041B0C43F40143AE
:10B1200043F0800322F82030D1E70C6988690B7B5B
:10B13000A04228BF204693BB84B22046B1F806E067
:10B140004B69013002F580654008AE4409D003EB3D
:10B15000400CAEEB030E188823F80E000233634553
:10B16000F9D1B2F85030087802F2024515FA83F3AB
:10B1700003EBC0031C80097832F8213023F4E0434C
:10B1800023F040031B041B0C83F0300343F4004303
:10B1900043F0800322F821300020BDE8F08FCB7807
:10B1A000022B70D00B6A0C781B1A0B6223B232F898
:10B1B000233013F0400FB2F8503000F0C18002F29B
:10B1C000064515FA83F303EBC40384B21C802046C2
:10B1D00001304C894B6902F5806C4008A444CAD008
:10B1E00003EB4004ACEB030C188823F80C0002338B
:10B1F000A342F9D1BFE70C7832F8243023F4E243BC
:10B2000023F070031B041B0C43F4004343F0800342
:10B2100022F824300B6998427FF659AFC01A886132
:10B220000B7857E70120BDE8F08FCB69D3B10B78DD
:10B2300018B244F2400432F8205004EA0506AC4348
:10B2400002D0002E7FF446AF32F8203023F4E043E2
:10B2500023F070031B041B0C43F4004343F0C003B2
:10B2600022F820300B7835E732F8203023F4E2431F
:10B2700023F070031B041B0C43F4004343F08003D2
:10B2800022F8203023E70B6A9C4276D20D7832F800
:10B2900025C02CF4E04C2CF0700C4FEA0C4C4FEA1B
:10B2A0001C4C4CF4014C4CF0800C22F825C032F8B8
:10B2B00025601B1A16F0400F0B62B2F8506000F0C8
:10B2C000888002F2064717FA86F61FFA80FA26F8F7
:10B2D00035A057464E89D1F814C0013702F5806970
:10B2E0007F084E440CD0A6EB0C080CEB470BE6464F
:10B2F000BEF800602EF808600EF1020EF345F7D19B
:10B300000CEB00069C424E6180F0A1801B1A0B6280
:10B31000B2F8503002F2024010FA83F323F835A05D
:10B320000B8903EB0905002F3FF425AF06EB47041B
:10B330003346AD1B1888585302339C42FAD11AE7A2
:10B3400002F2024515FA83F303EBC40384B21C80B6
:10B35000204601300C894B6902F5806C4008A444FA
:10B360003FF409AF03EB4000ACEB030C1C8823F85F
:10B370000C4002338342F9D1FDE60E7834B202F27A
:10B38000024532F8240020F4E24020F0700000046E
:10B39000000C40F4004040F0800022F82400B2F895
:10B3A00050409FB215FA84F303EBC603781C1F804C
:10B3B0000D894B6902F58064400825443FF4DBAEFB
:10B3C00003EB4000ED1A1C885C5302338342FAD130
:10B3D000D1E602F2024717FA86F61FFA80F926F83C
:10B3E00035904F460E89D1F814C0013702F58068B8
:10B3F0007F0846440CD0A6EB0C0A0CEB470BE64644
:10B40000BEF800602EF80A600EF1020EF345F7D187
:10B410000CEB00069C424E6120D21B1A0B62B2F864
:10B42000503002F2064010FA83F323F835904B892E
:10B4300003EB0805002F3FF49EAE06EB47043346AE
:10B44000AD1B1888585302339C42FAD193E69CB244
:10B4500001341FFA83FA6708002358E79CB20134CD
:10B460001FFA83F967080023D8E700BF4B780A78F2
:10B470008BB130F8223023F4E04323F040031B0467
:10B480001B0C83F0100343F4004343F0800320F8C7
:10B4900022300020704730F8223023F4804323F01C
:10B4A00070031B041B0C83F4805343F4004343F0EC
:10B4B000800320F822300020704700BF4B780A78C4
:10B4C00033B330F822305B060DD530F8223023F448
:10B4D000E04323F070031B041B0C43F4004343F0D0
:10B4E000C00320F82230CB78012B0FD030F8223067
:10B4F00023F4E04323F040031B041B0C83F02003E0
:10B5000043F4004343F0800320F8223000207047CA
:10B5100030F822305B040DD530F8223023F4E043BC
:10B5200023F070031B041B0C43F4404343F08003DF
:10B5300020F8223030F8223023F4804323F07003C7
:10B540001B041B0C83F4405343F4004343F080037B
:10B5500020F822300020704711B98023A0F84C3029
:10B560000020704702460020B2F858306FEA43438B
:10B570006FEA53439BB2A2F858307047B0F84400CA
:10B5800080B2704702F58062013310445A0808D037
:10B590000B46C01A01EB42011A881A520233994233
:10B5A000FAD1704770B502F580625E0800EB0205C3
:10B5B0001CD06FF00104641A8A1C2C44B64634F87F
:10B5C00002C002321FFA8CFC4FEA1C20BEF1010EB1
:10B5D00002F804CC02F8030CF1D105EB4602DB07BC
:10B5E00001EB460144BF13880B7070BD2A46DB0790
:10B5F00044BF13880B7070BD70B50D4D0D4C641BAE
:10B60000A4100026A64209D10B4D0C4C00F0B2FC50
:10B61000641BA4100026A64205D170BD55F8043B5A
:10B6200098470136EEE755F8043B98470136F2E7B4
:10B63000ECC10008ECC10008ECC10008F0C1000832
:10B6400010B501390244904201D1002005E0037891
:10B6500011F8014FA34201D0181B10BD0130F2E7D1
:10B660000A44914200F1FF3300D1704710B511F840
:10B67000014B03F8014F9142F9D110BD884210B53A
:10B6800001EB020402D98442234607D8431EA1429B
:10B6900008D011F8012B03F8012FF8E70244014606
:10B6A0008A4200D110BD13F8014D02F8014DF7E7B1
:10B6B00002440346934200D1704703F8011BF9E7A7
:10B6C0000EB400B59CB01DAB029006906FF0004127
:10B6D000094807910491094953F8042B0591006822
:10B6E000019302A900F070F8029B00221A701CB0AE
:10B6F0005DF804EB03B07047040200200802FFFF6E
:10B70000034611F8012B03F8012B002AF9D17047E9
:10B710002DE9F0478E689E4282460C4690461F46B1
:10B7200038D88A8912F4906F32D025680969A5EB60
:10B730000109656905EB450505EBD57501334B44FA
:10B740006D109D4238BF1D46530531D5294600F086
:10B7500039FB064650B90C23CAF80030A38943F0E0
:10B760004003A3814FF0FF30BDE8F08721694A46CE
:10B77000FFF776FFA38923F4906343F08003A3814E
:10B78000266165614E44A5EB09052660A5603E462D
:10B79000BE4200D93E46206832464146FFF76EFF62
:10B7A000A3689B1BA3602368334423600020DBE76E
:10B7B0002A4600F07BFB06460028E1D1216950466D
:10B7C00000F096FAC7E700002DE9F04F98468B8904
:10B7D0001B069DB007460D4614460ED50B6963B98E
:10B7E000402100F0EFFA2860286120B90C233B606B
:10B7F0004FF0FF30D1E040236B61002309932023F9
:10B800008DF82930CDF80C803023DFF8A8818DF831
:10B810002A304FF0010923469A4613F8012B0AB14A
:10B82000252AF9D1BAEB040B0BD05B4622462946F8
:10B830003846FFF76DFF013000F0AA80099A5A449C
:10B8400009929AF80030002B00F0A28000234FF0FC
:10B85000FF32CDE905230AF1010A049307938DF81D
:10B8600053301A935446052214F8011B5148F4F73B
:10B87000DFFC049AD8B9D00644BF20238DF853309A
:10B88000110744BF2B238DF853309AF800302A2B30
:10B8900015D0079A544600204FF00A0C214611F8A3
:10B8A000013B303B092B4ED9B0B1079214E0A0EB1D
:10B8B000080309FA03F313430493A246D2E7039B58
:10B8C000191D1B680391002BBBBF5B4242F00202B3
:10B8D00007930793B8BF049223782E2B0CD163787B
:10B8E0002A2B35D1039B1A1D1B680392002BB8BF6E
:10B8F0004FF0FF3302340593DFF8BCA02178032218
:10B900005046F4F795FC40B14023A0EB0A0003FA3F
:10B9100000F0049B03430134049314F8011B2748EF
:10B920008DF828100622F4F783FC002838D0244B29
:10B930001BBB039B073323F0070308330393099BC7
:10B940003344099367E70CFB02320C460120A5E75C
:10B9500000230134059319464FF00A0C204610F8D5
:10B96000012B303A092A03D9002BC5D00591C3E732
:10B970000CFB012104460123F0E703AB00932A46A8
:10B98000104B04A93846AFF30080421C0646D6D1BE
:10B99000AB895B063FF52CAF09981DB0BDE8F08F71
:10B9A00003AB00932A46074B04A9384600F07AF807
:10B9B000EBE700BFB8C10008BEC10008C2C1000863
:10B9C0000000000011B700082DE9F047164699461F
:10B9D0008A680B69DDF820809342B8BF1346336054
:10B9E00091F8432007460C460AB1013333602368BF
:10B9F000990642BF336802333360256815F00605A7
:10BA000006D104F1190AE36832689B1AAB4226DCBE
:10BA100094F84320131E226818BF012392062BD4EA
:10BA200004F1430249463846C04701301ED023681E
:10BA3000E568326803F00603042B08BFAD1AA3685B
:10BA400022690CBF25EAE57500259342C4BF9B1A05
:10BA5000ED1800261A34B5421AD1002008E001235F
:10BA6000524649463846C047013003D14FF0FF30B7
:10BA7000BDE8F0870135C6E7E1185A1C302081F88F
:10BA80004300224494F8451082F843100233C7E77C
:10BA90000123224649463846C0470130E6D00136E8
:10BAA000D9E700002DE9FF470F7E0C9D782F9146C6
:10BAB00080460C469A4601F1430207D8622F0AD805
:10BAC000002F00F0D880582F00F0A38004F1420529
:10BAD00084F842703AE0A7F16303152BF6D801A170
:10BAE00051F823F03DBB000851BB0008CDBA000857
:10BAF000CDBA0008CDBA0008CDBA000851BB000885
:10BB0000CDBA0008CDBA0008CDBA0008CDBA0008F9
:10BB10005DBC000881BB00083FBC0008CDBA00082E
:10BB2000CDBA00087FBC0008CDBA000881BB000870
:10BB3000CDBA0008CDBA000847BC00082B681A1D12
:10BB40001B682A6004F1420584F842300123A3E017
:10BB500020682968060601F104030AD50E682B60E7
:10BB6000002E03DA2D23764284F843305E480A2300
:10BB700019E00E682B6010F0400F18BF36B2EFE7E7
:10BB80002B682068191D2960010601D51E6802E096
:10BB90004606FBD51E8854486F2F0CBF08230A2386
:10BBA000002184F843106568A560002DA2BF2168BC
:10BBB00021F0040121600EB9002D4DD01546B6FBD1
:10BBC000F3F103FB1167C75D05F8017D3746BB4202
:10BBD0000E46F4D9082B0BD12368DE0708D523695C
:10BBE00061689942DEBF302305F8013C05F1FF355D
:10BBF000521B2261CDF800A04B4603AA21464046C5
:10BC0000FFF7E2FE01304CD14FF0FF3004B0BDE849
:10BC1000F087354881F845702968236851F8046B2E
:10BC200029601D0614D5DF0744BF43F020032360BD
:10BC30001EB9236823F0200323601023B0E7236894
:10BC400043F0200323607823284884F84530E3E755
:10BC5000590648BFB6B2E6E71546BBE72B6826682B
:10BC60006169181D286035061B6801D5196002E05E
:10BC70007006FBD51980002323611546BAE72B68AF
:10BC80001A1D2A601D68626800212846F4F7D0FA60
:10BC900008B1401B606063682361002384F843306F
:10BCA000A8E723692A4649464046D0470130ABD031
:10BCB00023689B0713D4E068039B9842B8BF1846DB
:10BCC000A4E70123324649464046D04701309BD085
:10BCD0000135E36803995B1AAB42F2DCEBE7002520
:10BCE00004F11906F5E700BFC9C10008DAC1000870
:10BCF00038B50546002941D051F8043C0C1F002BF3
:10BD0000B8BFE41800F012F91D4A136833B9636034
:10BD100014602846BDE8384000F00EB9A34208D9A7
:10BD2000206821188B4201BF19685B6809182160DF
:10BD3000EDE71A465B680BB1A342FAD911685018B7
:10BD4000A0420BD120680144501883421160E0D119
:10BD500018685B68536001441160DAE702D90C236C
:10BD60002B60D6E7206821188B4204BF19685B68F6
:10BD7000636004BF091821605460CAE738BD00BF82
:10BD80003CA1002070B50E4E0C463168054611B935
:10BD900000F0BCF830602146284600F0B7F8431C9C
:10BDA0000AD0C41C24F00304A04207D0211A28465C
:10BDB00000F0ACF8013001D14FF0FF34204670BDE7
:10BDC00040A100202DE9F041CD1C25F003050835E8
:10BDD0000C2D38BF0C25002D074601DBA94205D9E3
:10BDE0000C233B6000263046BDE8F0812E4E00F06B
:10BDF0009DF833681C4634BB29463846FFF7C2FF1E
:10BE0000431C04464DD134682646002E40D1236899
:10BE10003146384604EB030800F078F880453AD103
:10BE2000216803356D1A25F0030508350C2D38BF40
:10BE30000C2529463846FFF7A5FF01302BD0236893
:10BE40002B4423600EE02268521B1ED40B2A16D905
:10BE50006119A342256018BF5960636808BF31604B
:10BE600062514B60384604F10B0600F065F826F08D
:10BE70000706231DF21AB6D09B1BA350B3E76268D6
:10BE8000A3420CBF32605A60ECE723466468B2E715
:10BE900034467668B9E70C233B60384600F04CF82E
:10BEA000A1E72560DEE700BF3CA100202DE9F041BD
:10BEB000804614460E4621B9BDE8F0411146FFF711
:10BEC00081BF2AB9FFF714FF25462846BDE8F08157
:10BED00000F038F88442074602D8B4EB500F12D86D
:10BEE00021464046FFF76EFF05460028EDD0BC42D4
:10BEF0002246314628BF3A46FFF7B2FB314640465C
:10BF0000FFF7F6FEE1E73546DFE7000038B5064DFE
:10BF10000023044608462B6000F01EF8431C02D1A3
:10BF20002B6803B1236038BD44A10020014800F014
:10BF300011B800BF48A10020014800F00CB800BFB4
:10BF400048A1002051F8043C181F002BBCBF0B581F
:10BF5000C018704770477047044A05491368002BA2
:10BF600008BF0B4618441060184670474CA10020CB
:10BF700050A10020F8B500BFF8BC08BC9E46704731
:0CBF8000F8B500BFF8BC08BC9E46704736
:10BF8C00000000000000000001020304060708097D
:10BF9C0000000000010203043E3E205374617274E1
:10BFAC00207265636F766572792066726F6D2042C0
:10BFBC007573204F666600003C3C205375636365C7
:10BFCC00737366756C6C79207265636F76657265D8
:10BFDC00642066726F6D20427573204F6666000098
:10BFEC00496E76616C696400596573004E6F000090
:10BFFC004F7065726174696F6E204D6F64653A2085
:10C00C00257300004E6F6D696E616C003B204461BE
:10C01C00746100003B2050657266656374206D612D
:10C02C007463683A200000004D6561737572656435
:10C03C00207472616E7363656976657220636869DA
:10C04C00702064656C61793A20256C75206E7300E4
:10C05C005265737472696374656400004D6F6E6928
:10C06C00746F72696E670000496E7465726E616CF4
:10C07C00204C6F6F706261636B00000045787465D3
:10C08C00726E616C204C6F6F706261636B000000AC
:10C09C005CC0000868C0000874C0000888C00008B4
:10C0AC004D00000025733A204E6F2062617564725A
:10C0BC00617465207365740025733A20256C7525B1
:10C0CC007320626175642C20256C752E256C75258A
:10C0DC00250000000C10141820304000456C6D75C4
:10C0EC0065536F667420286E657463756C742E636B
:10C0FC00682F656C6D7565290000000043616E64E6
:10C10C006C656C6967687420322E35202D20506F59
:10C11C007765724875624475616C00002530386C27
:10C12C00582530386C5825750000000053544D3399
:10C13C003247343734000000506F776572487562AF
:10C14C004475616C000000002A2A2A204462672092
:10C15C006D736720746F6F206C6F6E67000000004A
:10C16C0043414E20464420496E7465726661636596
:10C17C00207800004669726D776172652055706495
:10C18C0061746520496E74657266616365000000B8
:10C19C004D5346543130307800000000000102034A
:10C1AC0004050607080C101418203040232D302BE2
:10C1BC002000686C4C00656667454647003031329C
:10C1CC0033343536373839414243444546003031F3
:10C1DC003233343536373839616263646566000052
:04C1EC000502000840
:04C1F000E101000861
:10C1F400010000000024F40009090000006400406C
:10C204000068004000030000003000000004004803
:10C2140000040048FFFFFFFFFFFFFFFF000400488A
:10C224000004004840000000100000000000004826
:10C234000000004820000000080000000000004842
:10C24400000000480100000004030904020000008B
:10C2540081838500020406007D4D0008954E000888
:10C26400CD4E000800000000114E0008614E000889
:10C274001D4E000800000000000000000000000047
:10C2840009024900030100804B0904000002FFFF7A
:10C29400FF05070581024000000705020240000077
:10C2A4000904010000FE01010409210BFF0000083C
:10C2B4001A010904020002FFFFFF0607058302407A
:10C2C4000000070504024000000000001201000203
:10C2D40000000040501D6F600626010203010000AB
:10C2E4009200000000010500010088000000070022
:10C2F40000002A00440065007600690063006500C0
:10C3040049006E00740065007200660061006300FD
:10C3140065004700550049004400730000005000C8
:10C3240000007B00630031003500620034003300FC
:10C33400300038002D0030003400640033002D003C
:10C3440031003100650036002D00620033006500C5
:10C3540061002D0036003000350037003100380010
:10C364003900650036003400340033007D000000DD
:10C374000000000058000000000104000300000059
:10C3840000000000000157494E55534200000000D0
:10C3940000000000000000000000000001015749F7
:10C3A4004E55534200000000000000000000000051
:10C3B40000000000020157494E555342000000009E
:10C3C4000000000000000000000000000100000068
:10C3D4001000000000000000000000000000000049
:10C3E4000000000001000000000000000000000048
:10C3F400000000000802002000000000000000000F
:10C404000000000000000000000000000000000028
:10C414000000000000000000000000000000000018
:10C424000000000000000000000000000000000008
:10C4340000000000000000000000000000000000F8
:10C4440000000000000000000000000000000000E8
:08C454000000000000000000E0
:040000050800375D5B
:00000001FF
