:020000040800F2
:100000000000022085350008390E00083D0E00086A
:10001000410E0008450E0008490E000800000000CF
:100020000000000000000000000000004D0E00086D
:10003000510E000800000000550E0008590E00087F
:10004000D5350008D5350008D5350008D535000868
:10005000D5350008D5350008D5350008D535000858
:10006000D5350008D5350008D5350008D535000848
:10007000D5350008D5350008D5350008D535000838
:10008000D5350008D5350008D5350008750E0008AF
:10009000690E0008810E0008D5350008D535000826
:1000A000D5350008D5350008D5350008D535000808
:1000B000D5350008D5350008D5350008D5350008F8
:1000C000D5350008D5350008D5350008D5350008E8
:1000D000D5350008D5350008D5350008D5350008D8
:1000E000D5350008D5350008D5350008D5350008C8
:1000F000D5350008D5350008D5350008D5350008B8
:10010000D5350008D5350008D5350008D5350008A7
:10011000D5350008D5350008D5350008D535000897
:10012000D5350008D5350008D5350008D535000887
:10013000D5350008D5350008D5350008D535000877
:10014000D5350008D5350008D5350008D535000867
:10015000D5350008D5350008D5350008D535000857
:10016000D5350008D5350008D5350008D535000847
:10017000D5350008D5350008D5350008D535000837
:10018000D5350008D5350008D5350008D535000827
:10019000D535000800000000D5350008D535000829
:1001A000D5350008D5350008D5350008D535000807
:1001B000D5350008D5350008D5350008D5350008F7
:1001C000D5350008D5350008D5350008D5350008E7
:0801D000D5350008D535000803
:1001E00010B5054C237833B9044B13B10448AFF371
:1001F00000800123237010BD680200200000000071
:10020000C8AE000808B5034B1BB103490348AFF360
:10021000008008BD000000006C020020C8AE00088D
:10022000034613F8012B002AFBD1181A0138704736
:1002300001F0FF01102A2BDB10F0070F08D010F897
:10024000013B013A8B422DD010F0070F42B3F6D19B
:10025000F0B441EA012141EA014122F007047FF0B4
:1002600000070023F0E80256083C85EA010586EA0B
:10027000010685FA47F5A3FA87F586FA47F6A5FA47
:1002800087F68EB9EED1F0BC01F0FF0102F0070253
:1002900032B110F8013B013A83EA010313B1F8D1FE
:1002A0000020704701387047002D06BF35460338DF
:1002B000073815F0010F07D1013015F4807F02BF18
:1002C000013015F4C03F0130F0BC0138704700BF69
:1002D00080F0004002E000BF81F0004142001FBFFB
:1002E0005FEA410392EA030F7FEA226C7FEA236C04
:1002F0006AD04FEA1262D2EB1363C1BFD2184140F9
:1003000048404140B8BF5B42192B88BF704710F08E
:10031000004F40F4000020F07F4018BF404211F031
:10032000004F41F4000121F07F4118BF494292EA99
:10033000030F3FD0A2F1010241FA03FC10EB0C00C5
:10034000C3F1200301FA03F100F0004302D5494252
:1003500060EB4000B0F5000F13D3B0F1807F06D3FF
:1003600040084FEA310102F10102FE2A51D2B1F1F7
:10037000004F40EBC25008BF20F0010040EA0300EC
:100380007047490040EB0000013A28BFB0F5000F6C
:10039000EDD2B0FA80FCACF1080CB2EB0C0200FA22
:1003A0000CF0AABF00EBC25052421843BCBFD04071
:1003B0001843704792F0000F81F4000106BF80F4EB
:1003C00000000132013BB5E74FEA41037FEA226CAE
:1003D00018BF7FEA236C21D092EA030F04D092F079
:1003E000000F08BF0846704790EA010F1CBF0020AD
:1003F000704712F07F4F04D1400028BF40F000400A
:10040000704712F100723CBF00F50000704700F029
:10041000004343F0FE4040F4000070477FEA226250
:1004200016BF08467FEA23630146420206BF5FEA21
:10043000412390EA010F40F4800070474FF0000321
:1004400004E000BF10F0004348BF40425FEA000CE8
:1004500008BF704743F0964301464FF000001CE090
:1004600050EA010208BF70474FF000030AE000BFE6
:1004700050EA010208BF704711F0004302D5404224
:1004800061EB41015FEA010C02BF84460146002096
:1004900043F0B64308BFA3F18053A3F50003BCFAB1
:1004A0008CF2083AA3EBC25310DB01FA02FC63445E
:1004B00000FA02FCC2F12002BCF1004F20FA02F265
:1004C00043EB020008BF20F00100704702F1200258
:1004D00001FA02FCC2F1200250EA4C0021FA02F2B9
:1004E00043EB020008BF20EADC7070474FF0FF0CBE
:1004F0001CEAD0521EBF1CEAD15392EA0C0F93EAB9
:100500000C0F6FD01A4480EA010C400218BF5FEA5A
:1005100041211ED04FF0006343EA501043EA5111CD
:10052000A0FB01310CF00040B1F5000F3EBF4900C7
:1005300041EAD3715B0040EA010062F17F02FD2ACB
:100540001DD8B3F1004F40EBC25008BF20F00100AE
:10055000704790F0000F0CF0004C08BF49024CEAC5
:10056000502040EA51207F3AC2BFD2F1FF0340EA57
:10057000C250704740F400004FF00003013A5DDCC8
:1005800012F1190FDCBF00F000407047C2F1000209
:10059000410021FA02F1C2F1200200FA02FC5FEAF6
:1005A000310040F1000053EA4C0308BF20EADC7040
:1005B000704792F0000F00F0004C02BF400010F4B2
:1005C000000F013AF9D040EA0C0093F0000F01F05F
:1005D000004C02BF490011F4000F013BF9D041EA81
:1005E0000C018FE70CEAD15392EA0C0F18BF93EA83
:1005F0000C0F0AD030F0004C18BF31F0004CD8D1AD
:1006000080EA010000F00040704790F0000F17BF33
:1006100090F0004F084691F0000F91F0004F14D079
:1006200092EA0C0F01D142020FD193EA0C0F03D1D1
:100630004B0218BF084608D180EA010000F00040D4
:1006400040F0FE4040F40000704740F0FE4040F4AF
:10065000400070474FF0FF0C1CEAD0521EBF1CEA4E
:10066000D15392EA0C0F93EA0C0F69D0A2EB03026C
:1006700080EA010C49024FEA402037D04FF0805306
:1006800043EA111143EA10130CF000408B4238BFCB
:100690005B0042F17D024FF4000C8B4224BF5B1AD9
:1006A00040EA0C00B3EB510F24BFA3EB510340EA27
:1006B0005C00B3EB910F24BFA3EB910340EA9C00D5
:1006C000B3EBD10F24BFA3EBD10340EADC001B0145
:1006D00018BF5FEA1C1CE0D1FD2A3FF650AF8B42E9
:1006E00040EBC25008BF20F0010070470CF0004CF6
:1006F0004CEA50207F32C2BFD2F1FF0340EAC25021
:10070000704740F400004FF00003013A37E792F0E1
:10071000000F00F0004C02BF400010F4000F013A3F
:10072000F9D040EA0C0093F0000F01F0004C02BF3A
:10073000490011F4000F013BF9D041EA0C0195E7A3
:100740000CEAD15392EA0C0F08D142027FF47DAF3C
:1007500093EA0C0F7FF470AF084676E793EA0C0F2C
:1007600004D14B023FF44CAF08466EE730F0004C2A
:1007700018BF31F0004CCAD130F000427FF45CAFBA
:1007800031F000437FF43CAF5FE700BF4FF0FF3C28
:1007900006E000BF4FF0010C02E000BF4FF0010C7B
:1007A0004DF804CD4FEA40024FEA41037FEA226C44
:1007B00018BF7FEA236C11D001B052EA530C18BF66
:1007C00090EA010F58BFB2EB030088BFC81738BFCB
:1007D0006FEAE17018BF40F0010070477FEA226CB9
:1007E00002D15FEA402C05D17FEA236CE4D15FEAB5
:1007F000412CE1D05DF8040B704700BF84460846E9
:100800006146FFE70FB5FFF7C9FF002848BF10F1A9
:10081000000F0FBD4DF808EDFFF7F4FF0CBF0120EE
:1008200000205DF808FB00BF4DF808EDFFF7EAFF78
:1008300034BF012000205DF808FB00BF4DF808ED33
:10084000FFF7E0FF94BF012000205DF808FB00BF28
:100850004DF808EDFFF7D2FF94BF012000205DF8AE
:1008600008FB00BF4DF808EDFFF7C8FF34BF0120BB
:1008700000205DF808FB00BF2DE9F04700F08CF97F
:1008800000B9FEE701F0DEFB0028FAD002F0E0FB41
:100890000028F6D001F0EAFE0028F2D003F000FCB8
:1008A00000F04CFB02F01EF802F096FE00241F4DF3
:1008B000DFF87C801F4EA146012702F09DFD18B194
:1008C00001F010FC2F70F8E72B784BB3287088F8F4
:1008D000009001F02BFC04F087FB82460146204685
:1008E00001F0F8FC2046514603F032FF2046514605
:1008F00003F0CEF92046514601F07CF83368AAEBAC
:100900000303632B84F00104D7D95046C6F800A036
:1009100001F038FF00F0E8FD504601F0A7FFCCE7FA
:1009200098F80030002BD6D0D1E700BF8802002015
:100930000000002084020020024B4FF000629A6009
:10094000704700BF00ED00E01B4B00B5986D40F014
:10095000020098659B6D95B003F0020344220021CC
:10096000009303A8009B09F04DFE144B144A1B682A
:100970001449A2FB03239B0C013B4FF0FF3201A85B
:10098000CDE90113049208F01FFF18B1002015B043
:100990005DF804FB01A808F0BBFF0028F6D1024671
:1009A0000146152005F05EF9152005F099F90120A2
:1009B00015B05DF804FB00BF0010024004000020E9
:1009C00083DE1B4300040040024A136801331360B6
:1009D000704700BF900200200249034A00234B6287
:1009E00013607047000400409002002008B504F036
:1009F00017FB40F26943984206D940F27943984286
:100A00000CBF0220002008BDB0F58D6F34BF002060
:100A1000022008BD014B1868704700BF8C020020FF
:100A2000034A044B10685B6A43EA0040704700BF0A
:100A30009002002000040040014B1868704700BF7E
:100A40009002002010B58EB004463422002101A887
:100A500009F0D8FD01A806F0CBFB022C06D0032C30
:100A600016D0012C0AD000200EB010BD079B13F049
:100A7000806F0CBF012002200EB010BD079B03F455
:100A8000E063B3F5806F14BF012002200EB010BDEB
:100A9000079B13F0806F14BF012002200EB010BD21
:100AA00030B58FB0044601F073F910B134200FB0A7
:100AB00030BD04F0B5FA40F26942904205D8B0F575
:100AC0008D6F06D236200FB030BD40F27942904291
:100AD000F8D13422002101A809F094FD01A806F004
:100AE00087FB022C32D0032C41D0012CEAD1079B8A
:100AF00003F4E063B3F5806F26D03022002102A812
:100B000009F080FD4FF48063CDE906430422019291
:100B1000204B9A694CF2FA3142F070429A611961A5
:100B200006F006F8A0BB06F023F888BB01A806F083
:100B300043F9044606F030F8054606F00DF844EA9D
:100B400005030343DBB21BBB0220B0E7079911F09A
:100B50008061F9D1302202A809F054FD04214FF43C
:100B6000C4424FF04863CDE906230191D0E7079BCB
:100B70005B01E9D53022002102A809F043FD0421E0
:100B80004FF4C4424FF00863CDE906230191BFE75B
:100B90003B208CE70020024070B5B6B004F000FAAC
:100BA00018B10024204636B070BD4A4DAB6D43F0FD
:100BB0008053AB65AB6D03F0805300930446009BFC
:100BC00007F020FD2B6E012633432B662B6E149409
:100BD000334021204FF48031CDE9120101930321EC
:100BE0000F20CDE91A16019A17941422032102232B
:100BF000CDE906011C9212A84FF48062CDE915449C
:100C0000CDE91863CDE91D33CDE9092208941F937E
:100C100007F0D2FD0028C4D1082106A808F044F846
:100C20000028BED10146502222A809F0EBFC4FF467
:100C300040524FF0807321A821922F9308F062F95F
:100C400004460028ADD14FF00053CDE90C034BF61C
:100C50007F322223CDE90F230CA8202311930E9479
:100C600008F088FDEB6C3343EB64EB6C334002938C
:100C7000029BEB6C43F00203EB64EB6C03F00203AA
:100C80000393039BEB6C43F00403EB64EB6C03F006
:100C900004030493049BEB6C43F02003EB64EB6CC4
:100CA00003F020032246214605934FF0FF30059BB9
:100CB00004F0D8FF4FF4805008F0ACFA064B1860EF
:100CC000FFF742FE044600283FF46BAF3046FFF7C3
:100CD000E7FE67E7001002408C020020FF2818D8CA
:100CE0000D4AB2F8E0100D4A4FF6FF7399420ED04C
:100CF0000B490C4BD1F8E01503EA812303F10063A3
:100D00000130A3EBC020824288BF00207047064B11
:100D1000F6E70020704700BF0075FF1FE0AE000837
:100D20000070FF1F00FCFF0300000808FF2841D8E7
:100D3000F0B53B4B0E46B3F8E0103A4B15464FF674
:100D4000FF72914287B02CD0374A384CD2F8E02558
:100D500004EA822404F100640130A4EBC024A3421D
:100D600025D8B5F5FA6F22D823884FF6FF72934243
:100D700008BF00239D4206D12A463146A01C09F037
:100D800009FC002845D02A4B9A6942F070429A61CA
:100D90004CF2FA321A6105F0CBFE68B1352007B08B
:100DA000F0BD244C0130A4EBC024A342D9D93D208E
:100DB00007B0F0BD3D20704704F17843DB0A04938F
:100DC00000220123CDE9022301A9012302A80593F2
:100DD00005F01AFFF8B9C5B12A4631460746B01CDE
:100DE00009F0F6FBC6F1080026F808590935044455
:100DF000C5F3CC05A1190020F6E9022305F0DEFDBC
:100E00000137BBB238B99D42F4D805F0A5FE0220E7
:100E1000CEE70220CCE705F09FFE3520C8E700BFF3
:100E20000075FF1FE0AE00080070FF1F00FCFF030D
:100E30000020024000000808FEE700BFFEE700BFF8
:100E4000FEE700BFFEE700BFFEE700BF704700BF40
:100E5000704700BF704700BF08B504F0B9F8BDE89F
:100E6000084004F065BF00BF014806F0CDBC00BFDC
:100E7000880D0020014806F0C7BC00BF880D002087
:100E800008B5002000F0DAFFBDE8084005F0D2BC4C
:100E900070B51646054608461C4601F05BFDB6F1E6
:100EA000005F19D0049B8BB1002C14BF31231E238B
:100EB00002B2D200102894BF02F11A0002F11E0003
:100EC000059AB2F5801F15D0184470BD54B9082397
:100ED0002F2213FB002070BD44B3B4F1804F27D004
:100EE0003123E5E7B4F1804FFAD10823432213FB05
:100EF000002070BDD5E959211144D5F8602101FBCE
:100F000002220C4901FB02F2D5E9551421440131BA
:100F1000B2FBF1F20849D5F85041B2FBF4F202FB02
:100F200000F0A1FB002003EB904070BD2F2070BDAE
:100F3000432070BD40420F0083DE1B432D4B2DE943
:100F4000F04F9A6D2C4CDFF8B4A0DFF8B490DFF8C6
:100F5000B4802D4F2D4E42F000729A659B6D87B084
:100F600003F0007300930025009BAB46F0220021A4
:100F700004F5D070C4E95EBBC4F850B1C4F860B1E8
:100F8000C4F88CB1C4F89CB184F870B184F890B204
:100F900009F038FB284602F0DFFF5AF8042B002A3C
:100FA0004FF001010BDB1A4BCDF814B0CDE9012154
:100FB00053F8250001A9CDE903BB06F027FA59F83B
:100FC000041B18F8012B05920220CDE90110032221
:100FD00057F8040B01A9CDE903B206F017FA56F849
:100FE000042B226004F5257415B107B0BDE8F08F1D
:100FF0000125BBE7001002409802002024000020D9
:1010000014000020080000201C0000200C0000201C
:101010002C0000202DE9F043A14E4FF4257303FB73
:10102000006383B093F87021002A40F08180D3F8E8
:101030005031002B78D096F8703105460F4683B9B1
:1010400096F804346BB903F1804303F504339A6BCB
:1010500042F000729A639A6B22F000729A63FFF773
:10106000BBFC284602F078FF284600F0EFFE002186
:10107000084601F0A3F80021012001F09FF8894AF9
:101080004FF42574525D04FB056402F001022274E2
:1010900001220023A274D4F8782163606374E363AF
:1010A0006263A360D4F87C21D4F85431A263E36175
:1010B000D4F86021D4F85831D4F850112362D4F810
:1010C0005C31E7606161A361002A40F08480FFF732
:1010D000A1FC754B984223D94FF42577734B05FB40
:1010E00007F7F419A3FB0030D4E955321A44D4F8B9
:1010F000503102FB033307F5B872324400214FF43C
:101100007A7C800C0CFB03F3B3FBF0F0C4F8840191
:10111000A2F80310204684F8711104F00FFE58B1B4
:10112000352003B0BDE8F0833A2003B0BDE8F0837A
:10113000342003B0BDE8F0830146204605F04EF8A8
:101140000028EDD10221204605F05CF80028E7D107
:1011500001221021204605F0CFFA0028E0D10246F6
:101160004FF46041204605F0DDFA80460028D7D1D3
:10117000204605F07FF8D4F86031C4F8948173B14B
:10118000D4E959210A4402FB03333221484A03FBC4
:1011900001F1A2FB013149094B1E3E2B70D94FF4DE
:1011A000257303FB0563D3E95E2302EB0309B9F161
:1011B000000F46DD643737444FF0000801E0C145B9
:1011C0003FD03946204604F0B5FF08F10108183732
:1011D0000028F4D0A4E7FFF71DFCD4E959373B44BD
:1011E000D4F86021B0FBF2F20133B2FBF3F7D4F88C
:1011F0005021CAB94FF4257305FB03F3F11803F529
:10120000B070BA4234BF4FF440724FF480728A60BB
:1012100031183758D1E901402033C9683344C3E954
:101220000171C3E9034052E7FFF7F4FBD4E95532FB
:1012300013440133D4F85021B0FBF2F0B0FBF3F2C9
:10124000D8E74FF4257303FB0566D6E95E32D34237
:1012500014BF01220022002311460093204604F00F
:101260009BFF204605F018F8014600287FF458AF90
:10127000284600F0D1FF012386F87031022054E7A0
:101280004246C4F89411204604F0D0FF00287FF4B1
:1012900047AF204604F0DCFF002880D040E700BFC5
:1012A00098020020940200203F420F0083DE1B437F
:1012B0001F85EB5138B5274C94F870310BB320469D
:1012C000002505F001F8204604F0B4FE2946F0227E
:1012D00004F5D070C4E95E55C4F85051C4F86051AB
:1012E000C4F88C51C4F89C5184F8705184F8905221
:1012F00009F088F9284602F02FFE0121284600F067
:101300008BFF94F8043403B938BD134804F0DCFFB4
:10131000114804F08FFE0021F0221048C4F8E413B5
:10132000C4F8F413C4F80C14C4F81014C4F820144E
:10133000C4F8301484F8041484F8241509F062F910
:10134000012002F009FE0121BDE83840084600F006
:1013500063BF00BF980200202C050020CC060020AF
:10136000F8B5174F4FF4257500FB05F57C1994F877
:10137000703103B9F8BD0646204604F0A5FF2046AB
:1013800004F058FE05F5D0750021C4E95E11C4F8DB
:101390005011C4F86011C4F88C11C4F89C1184F881
:1013A000701184F890127819F02209F02BF9304668
:1013B00002F0D2FD30460121BDE8F84000F02CBF1C
:1013C000980200202DE9F8432A4E4FF4257404FBBF
:1013D00000640546D4F860810F469146B8F1000FCD
:1013E00013D1D4F85031FBB900237B614FF425743D
:1013F00004FB05644A463946204604F0D5FF30BB5D
:10140000237C012B2AD0BDE8F883FFF703FBD4E946
:10141000593213445A1CD4F85031D4F86011B0FB3F
:10142000F1F8B8FBF2F87BB1FFF7F4FA4FF425714D
:1014300001FB0561D1E9553213440133D1F8502144
:10144000B0FBF2F0B0FBF3F39845CFD8CCE72846D9
:101450000122BDE8F843022100F008BD03F0C4FDFD
:10146000D4F89C31C4F898010133C4F89C31BDE82C
:10147000F88300BF9802002038B5184C4FF425734C
:1014800003FB004494F870312BB1D4F838311BB110
:1014900094F871317BB138BD94F87121002AFAD0EB
:1014A000054684F871310E4902F02AFC2846BDE851
:1014B000384000F0BBBD012384F87131094902F0C6
:1014C0001FFC0721204604F0D7FF204604F0FCFE55
:1014D0002046BDE8384004F0DFBE00BF980200207F
:1014E00018AF0008F8AE00082DE9F843244C254F4A
:1014F000254EDFF898804FF0000994F8703153B30F
:10150000D4F88C213AB3D4F890319A422DD8D4E94A
:10151000603503FB05F56D09A7FB0535ED0940F2C4
:10152000654303FB05F5B5FBF2F5B54226D842F25B
:101530000F739D421DD894F8885125B10025294686
:10154000484602F0B7FB0023C4F88031012384F839
:101550008851C4F8903104F52574B9F1000F01D019
:10156000BDE8F8834FF00109C7E70133C4F89031B3
:10157000F1E7A8FB0535C5F34735E0E76325DEE76E
:1015800098020020C55A7C0A3F420F005917B7D174
:1015900038B54FF42575234C05FB00F0251895F858
:1015A0007051002D3CD131B3511E1F2936D8591E20
:1015B0001F2933D8049901390F292FD805990139EA
:1015C0000F292BD800F5B0700444C4E90023049B14
:1015D000A360059BE360FFF71DFAD4E901321249CD
:1015E000246813445A1CB0FBF4F3B3FBF2F38B42B0
:1015F00014D8022038BD511EB1F5007F0ED2591EFD
:10160000FF290BD8049901397F2907D80599013999
:101610007F2903D800F5A8700444D6E73D2038BDE3
:10162000342038BD9802002000127A00354B1B5C34
:10163000DB063CD52DE9F04F334F4FF4257303FB08
:101640000073B3B0DB68044603BB6E464FF42575E8
:1016500004FB05F505F5A8723A442C49304601F023
:10166000A5F93046FEF7DCFD05F5B0723D443A447D
:101670002749304401F09AF9D5F86071C7B931466D
:10168000204602F03DFB33B0BDE8F08F013B032B59
:1016900096BF204A204A52F8232020496E46304601
:1016A00008F0B8FF3146204602F02AFBCEE770472B
:1016B0003046FEF7B5FDD5F850B1194DDFF864A0FE
:1016C000DFF8649006EB000E844600F111080FCDA0
:1016D00046F80C00CEF80C302B88CEF80410CEF86B
:1016E0000820BB450CBF51464946AEF8103006EB0A
:1016F000080008F0AFFF3146204602F001FB33B08E
:10170000BDE8F08F940200209802002064AF00082A
:101710006CAF0008F0AF000840AF000850AF000801
:1017200074AF000848AF00084CAF0008F8B53F4D53
:101730004FF4257E0EFB005EDEE95E4707EB040CEE
:10174000BCF1070F18DC002940F2FF7418BF6FF0DE
:101750006044944210D39C420ED39EF870618EB1C7
:10176000BCF1010F06D1A7F10107B7FA87F77F098E
:101770008F4203D03420F8BD3D20F8BD0024CEE9CF
:101780005E44A446E9B14FF4257100FB01F10CEB76
:101790004C0C01EBCC0C2944AC44CCE91D23D1F812
:1017A0007C31CCF868300133C1F87C314FF0804394
:1017B000CCF8643002240123CCE91B43DEB90220BB
:1017C000F8BD4FF4257400FB04F40CEB4C0C04EB57
:1017D000CC0C2C44AC44CCE91D23D4F87831CCF8A3
:1017E00068300133C4F8783102220123CCE91B238D
:1017F000CCF86410E2E74FF4257303FB00F02F18D8
:10180000D7E95E631E44002ED9DD64300544002410
:1018100001E0A642D3D02946384604F08BFC0134BF
:1018200018350028F5D03520F8BD00BF98020020FB
:10183000064B4FF4257202FB003090F870311BB953
:10184000C0E95E33022070473420704798020020C0
:1018500038B59DF810409DF814E0002B46D0884222
:1018600042D0012940D8002CDDF818C040F2FF75A5
:1018700018BF6FF06045654536D3DDF81CC065457F
:1018800032D3132A30D84FF4257C224D0CFB00FCB8
:1018900002EB42020CEB82022A4482F8A03182F869
:1018A000A311DDE9063182F8A241C2F8A81103EACA
:1018B000010405F1F00182F8A1E1C2F8A44105EBB1
:1018C0000C03614493F8A02112B193F8A1411CB11B
:1018D0000C338B42F6D100224FF4257303FB0053E7
:1018E000022083F8902238BD3D2038BDFF2AC8D1A0
:1018F00008494FF4257200FB02F28C1802F5D072F1
:10190000881884F89032F022194608F07BFE0220F5
:1019100038BD00BF980200202DE9F0414F688CB01F
:10192000A7F1804E0023BEFA8EFE0D4616460968CA
:10193000ADF804304FEA5E1EADF8083000F1F00C4F
:10194000012402E00C30604518D090F8A031002B43
:10195000F8D090F8A2317345F4D1D0E969230B4057
:101960009342EFD190F8A131ABB390F8A33130336B
:101970006B440C30604503F8284CE6D1AB68059306
:10198000D5E903230024CDE906234FF40003CDE974
:101990000A34DFF85C80CDE9031701AF3B5D93B1FA
:1019A00002AB1B5D7BB998F8703163B1D8F8603138
:1019B000C3B9069A082A06D8CDE90833204632462C
:1019C00003A902F07BFB08F5257814B10CB0BDE843
:1019D000F0810124E2E790F8A33130336B4403F83F
:1019E0002C4CAFE7AB6909936B690893E6E700BF3E
:1019F000980200202DE9F043BD4D4FF4257600FB01
:101A000006F6AF19C1B097F8703113B941B0BDE80F
:101A1000F083044688463C22002118A8179108F05C
:101A2000F1FD03A9384604F0D5FDF0B9B14B1B5DBB
:101A3000980703D50B9B002B40F04F814FF4257383
:101A400003FB0453DA68002A00F0A5804FF42573E5
:101A500003FB04532046D3F89C21002AC4BF02F1A3
:101A6000FF32C3E9668200F0EDFB17AB0DAA4021FF
:101A7000384604F011FD002800F0F88017AB0DAADD
:101A80004121384604F008FDE8B94FF4257303FB03
:101A9000045393F89032002B40F0B7804FF4257335
:101AA00003FB0453D3F88C21002A40F08B804FF4C1
:101AB000257303FB04532046D3F880110A44C3F86E
:101AC000802100F0E3FB4FF4257909FB04F955F878
:101AD00009301A6DD10400F19E801A6D520700F191
:101AE000A8801B6D9B0600F1B48006F59276A919BB
:101AF000384604F0C1FD4FF4257303FB0453D3F8BB
:101B00009C21002A05DDD3F8982102F5FA7242459E
:101B100064D94FF4257303FB045393F873211AB966
:101B200093F87021002A69D14FF4257303FB045503
:101B300095F87431002B7FF469AFD5F89431002B00
:101B40003FF464AFD5F84C219342BFF45FAF7E2AD7
:101B50003FF65CAF012385F87431FEF75BFF664BFF
:101B600098427FF653AFD5F89431D5F84C21D21A6C
:101B7000624BA3FB00134FF47A719B0C01FB02F242
:101B800027A85F49B2FBF3F208F044FD27A92046DD
:101B900002F0B6F83AE7D3F88C0148B1089B0193FC
:101BA000099B00930699DDE904323846FFF770F986
:101BB0004FF4257303FB0453D3F880211044C3F87A
:101BC000800143E7129B0193139B00931099DDE979
:101BD0000E323846FFF75CF9024668E70026C3F884
:101BE0009C610721384604F047FC204602F0B4F916
:101BF00032461021204600F039F98AE701222046BA
:101C000083F87321FFF712FD8EE717AA0DA9384656
:101C1000FFF782FE42E700220221204600F026F96B
:101C200055F809304FF480521A651A6D52077FF546
:101C300058AF00220121204600F018F94FF4257317
:101C400004FB03F30422EB581A651B6D9B067FF51A
:101C50004CAF00220121204600F008F94FF4257313
:101C600004FB03F32022EB581A653EE7FEF7E4FE7F
:101C7000149B17AA43EA00430DA92046149302F0CF
:101C8000E3FB4FF4257303FB045393F89032F3B94D
:101C90004FF4257303FB0453D3F88C2152B1129BEC
:101CA0000193139B00931099DDE90E323846FFF73C
:101CB000EFF802464FF4257303FB04532046D3F894
:101CC00080110A44C3F8802100F0E0FAD6E617AA92
:101CD0000DA93846FFF720FEDAE7FEF7ADFE0A9BB6
:101CE00003A943EA004320460A9302F0E9FDA5E672
:101CF00098020020940200203F420F0083DE1B4325
:101D000088AF000838B50C4B53F82030002B11DD9C
:101D10000D460A4904462A4651F8200099B205F0BA
:101D20006DFC07484FF4257303FB0404012084F87D
:101D3000725138BD002038BD240000202C00002046
:101D400098020020084B53F82030002B09DD074B88
:101D50004FF4257202FB0033012093F872310B70AF
:101D600070470020704700BF240000209802002028
:101D7000642908D8054B4FF4257202FB003302207A
:101D8000C3F88C1170473D20704700BF98020020B7
:101D9000034B93F8700108B993F80404704700BF2F
:101DA00098020020034B4FF4257202FB003393F896
:101DB0007001704798020020054B4FF4257202FB1A
:101DC0000033D3F83001003818BF0120704700BF3E
:101DD00098020020054B4FF4257202FB0033D3F824
:101DE0006001003818BF0120704700BF9802002032
:101DF0000A4B4FF4257202FB003090F870314BB162
:101E0000C368022B08D0D0F83831002B0CBF022059
:101E100038207047332070473920704798020020DF
:101E200008B5054B4FF4257202FB003004F05EFC50
:101E3000003818BF012008BD98020020024B4FF463
:101E4000257202FB0030704798020020064900EB23
:101E5000800001EB8002800000230B50C2E90133B7
:101E6000C2E90333704700BFC0070020094B00EBF5
:101E7000800000B54FEA800E03EB800090F809C0A7
:101E800041EA0C01417212B1012203F80E205DF803
:101E900004FB00BFC0070020024B142202FB0030ED
:101EA00008307047C00700202DE9F04F5D4B1B5CE8
:101EB0001B0793B004D40025284613B0BDE8F08F6B
:101EC00004460F46FFF76EFF05460028F3D0204674
:101ED000FFF7B4FF07A904F0CFFB2046FFF7AEFFE2
:101EE00003A904F0F1FB0B9B4F4E4FEA84082BB182
:101EF00004EB840306EB830310221A720A9B002B67
:101F00003BD10C9B002B41D108EB040306EB830370
:101F10001A7A1AB99A7B0AB101225A7308EB0403A0
:101F200006EB8303039ADA729A7A049919736AB9F1
:101F3000089A12B1072A18BF9A72079B33B1072B70
:101F400004D008EB040206EB8202937208EB040350
:101F5000990016F8232006EB8309F2B1002373548D
:101F6000444406EB8406B068B389C6F80E002846E0
:101F70007760738213B0BDE8F08F08EB040306EBC3
:101F800083030C9A20211972002AC7D008EB04039E
:101F900006EB830330221A72C0E704EB840A4FEA8F
:101FA0008A0A0AF1080306EB030B0621584601933F
:101FB00000F0C0FC019B20B199F80D20002A3FF4ED
:101FC0007AAF08EB040206EB8202117A302925D0A1
:101FD00008EB040206EB82025268BA1A632A7FF603
:101FE0006AAF0AF10E0AF15A36F80A309942B24441
:101FF000B6D1BBF80210BAF8023099420BF1020BCD
:102000000AF1020AACD1BBF80210BAF802309942C8
:10201000A6D140F6B7339A42A2D84CE7927B302A39
:102020009ED1D5E794020020C0070020044A142165
:10203000082301FB00301118002313508B807047D8
:10204000C00700202DE9F043002387B00122CDE92D
:102050000223CDE904331F4C1F4F204E204D00F0CA
:1020600087FA04F1080954F8043B002BA84601A99B
:1020700003DB3868019305F0C9F92B68002B05F1E3
:10208000040501A903DB3068019305F0BFF934F8BA
:10209000041C57F8040B012205F0B0FAB8F8001040
:1020A00056F8040B012205F0A9FA4C45DBD10424B3
:1020B0000DEB04014FF09040019405F0A7F94FF0AB
:1020C00090400122214605F099FA012007B0BDE8B1
:1020D000F08300BF340000203C0000204C000020B2
:1020E00044000020F8B50D4F0D4E0E4D0E4C3988B2
:1020F0003068002205F082FA29882068002205F065
:102100007DFAB9887068002205F078FAA9886068BD
:102110000022BDE8F84005F071BA00BF340000208D
:102120003C000020440000204C0000202DE9F0413C
:10213000DFF878801E4F1F4E1F4D0824B8F800109E
:102140003868012205F05AFA31882868002205F023
:1021500055FAB8F804107868012205F04FFAB188F2
:102160006868002205F04AFA4B2002F043FFB8F8F5
:1021700000103868002205F041FA318828680122F1
:1021800005F03CFAB8F804107868002205F036FA39
:10219000B1886868012205F031FA4B2002F02AFF6D
:1021A000631E13F0FF04C9D1BDE8F08134000020A4
:1021B0003C000020440000204C00002070B5114E6F
:1021C00006EB4016337F8B421AD0317704460D461A
:1021D00002F00AFF0C4B33F824100C4B50307061A6
:1021E0002A4653F8240005F009FA094A094B32F847
:1021F000241053F824002A46BDE8704005F0FEB9CB
:1022000070BD00BFE8070020340000203C00002023
:10221000440000204C000020074B03EB40130A460B
:102220001B7F03B170470549054B31F8201053F867
:10223000200005F0E3B900BFE807002044000020BB
:102240004C00002038B50E4C04EB4014237F0BB932
:10225000636803B138BD054602F0C6FEE368C01AE4
:102260002828F7D9074B084A53F8250032F82510DB
:10227000012205F0C3F902F0B7FE606038BD00BF6F
:10228000E80700204C00002044000020F8B50E4E66
:1022900006EB40152B7F13B94701F35903B1F8BD85
:1022A000044602F0A1FEAB68C01A2828F7D9074BF4
:1022B000074A53F8240032F82410012205F09EF951
:1022C00002F092FEF051F8BDE80700203C0000202B
:1022D000340000202DE9F843574E06EB4015044624
:1022E0002B7F884623B16B698B424DD9BDE8F883BB
:1022F0004701FFF7D1FD0378302B2ED02046FFF7A2
:10230000CBFD90F80190B9F1000F26D12B7C002B6A
:1023100061D1F359F51923B1F359A8EB03030F2B3E
:102320006ED8F5196B6823B16B68A8EB03030F2B0C
:1023300074D82046FFF736FD0028D7D13E44337FBE
:10234000002BD3D13D4A3E4B32F8241053F82400E1
:102350000122BDE8F84305F051B93A4B3A4A53F827
:10236000240032F82410012205F048F9344B334A96
:1023700053F8240032F824103E44012205F03EF9BF
:1023800001233374BDE8F883AB692C492C4831F83C
:10239000241050F82400013303F00302A2F10102DB
:1023A000B2FA82F25209AB6105F028F9AA69254B0D
:1023B000254953F8240031F8241002F00302A2F159
:1023C0000302B2FA82F2520905F018F96B69503330
:1023D0006B61BDE8F8831C4B33F82410194B4A4657
:1023E00053F8240005F00AF9144B33F82410144B69
:1023F0004A4653F8240005F001F985F8109088E763
:10240000114B33F824100F4B002253F8240005F031
:10241000F5F80023F351C5F8088082E7074B33F83D
:102420002410074B002253F8240005F0E7F800239E
:10243000C5F80C806B607CE7E807002044000020B2
:102440004C0000203C0000203400002010B5012288
:10245000044684B080214FF0904005F0CFF8FCB1E5
:1024600000230093009B092B06D800BF009B01337B
:102470000093009B092BF8D9002280214FF0904057
:1024800005F0BCF800230193019B022B06D800BF86
:10249000019B01330193019B022BF8D904B010BDBD
:1024A0000294029B33B900BF029B01330293029B4B
:1024B000002BF8D0002280214FF0904005F09EF8CC
:1024C00000230393039B0B2BE8D800BF039B01332E
:1024D0000393039B0B2BF8D9E0E700BFF0B5224B29
:1024E00083B00024224680214FF090401C7005F0FC
:1024F00085F80194019B40F2DB52934206D800BF5D
:10250000019B01330193019B9342F8D9174DAE1DF6
:102510002F7872B6002407FA04F000F0800001342E
:10252000FFF794FF082CF6D162B66F7872B60024DC
:1025300007FA04F000F080000134FFF787FF082C51
:10254000F6D162B6AF7872B6002407FA04F000F054
:1025500080000134FFF77AFF082CF6D162B603350C
:10256000AE42D5D103B0F0BD540000202C080020AD
:1025700030B51B4D2C7889B00CB109B030BD80222C
:102580000123CDE9022302A9022300224FF090404B
:10259000CDE90423069404F039FF224680214FF050
:1025A000904005F02BF8224680214FF0904005F036
:1025B00025F80194019B40F2DB52934206D800BFFC
:1025C000019B01330193019B9342F8D9054B1B7882
:1025D0001BB901232B7009B030BDFFF77FFFF8E76F
:1025E000280800205400002010B41D4B88B90F2289
:1025F00018809A7001461B4B93F800C0844514D094
:10260000194C5970012118709A70217010BCFFF795
:1026100065BF012815D002281CD0187859789A78FF
:10262000104B93F800C08445EAD15C788C42E7D126
:102630009C789442E4D10C4B1B78002BE6D110BC63
:10264000704700214FF470600A4618809970104658
:102650000F21D0E700210F200A4618809970CAE7A1
:102660002C080020340800205400002030B500253C
:102670008DB0224C03952022294604A8CDE90155AE
:1026800007F0C0FF4FF0A0424FF40033C4E900232D
:10269000204604220123C4E90255C4E90455C4E9D3
:1026A0000B55A261A583236284F8245084F8385026
:1026B000E56384F8405002F0BBFC10B100200DB07F
:1026C00030BD034601A92046019303F009FA002812
:1026D000F4D10B4A0623CDE9042300227F23CDE960
:1026E000062304A9042200232046CDE9082302F092
:1026F0006BFEB0FA80F040090DB030BD40080020FC
:102700000200300410B504469CB00021542207A8F2
:10271000CDE90211CDE90411069107F073FF23689A
:10272000B3F1A04F01D01CB010BD4FF400424FF0E8
:10273000005307A80792189306F0E4FB08B172B69D
:10274000FEE70F4BDA6C42F40052DA64DA6C02F402
:1027500000520092009ADA6C42F00102DA64DB6CFB
:10276000049003F0010301930122032302A94FF017
:102770009040CDE90223019B04F048FED3E700BF5F
:102780000010024038B5194803F026F917480A210D
:1027900002F074FD00B138BD0446144802F010FE8A
:1027A000FDF74CFE1249FDF7A1FE1249FDF752FF5D
:1027B0001149FDF79BFE114B114918600546FEF7C4
:1027C00033F870B90F492846FEF74CF820B1BDE840
:1027D00038400120FFF708BFBDE838400220FFF76E
:1027E00003BF2046BDE83840FFF7FEBE400800208A
:1027F0003333534000F07F4533338F413C08002092
:10280000000040410000F04108B5FEF753FD0320F1
:10281000FEF718F9022802D1104B01221A7002208B
:10282000FEF73EF9022802D0362800D008BD0B4B37
:102830001B7873B902F0D8FB094B1860FEF7D6F885
:102840000138C0B2012806D8064B074A1A60022098
:1028500008BD3C2008BD362008BD00BFB0080020E0
:10286000AC080020B40800200000FF1F70B51A4C0F
:1028700023687BB3194B1B68C01AB0F5967F29D328
:102880004FF0E02300251D615D619D6172B64FF040
:10289000FF32C3F88021C3F88022C3F88421C3F833
:1028A0008422C3F88821C3F88822C3F88C21C3F896
:1028B0008C2202F039FB05F01FFF094A2368936060
:1028C0001A6825605B6882F30888BFF36F8FBDE8E4
:1028D0007040184770BD00BFB4080020AC0800204D
:1028E00000ED00E030B40B4A0B4B4FF400704FF496
:1028F0008071C2E9000180208021C2E90201202408
:10290000202510201021C3E90045C3E9020130BC95
:10291000704700BFC8080020B8080020034A044BD5
:10292000002814BF10461846704700BFB8080020A2
:10293000C808002000290BDD0139431E084401E0CE
:10294000834205D013F8012F002AF9D000207047E8
:1029500001207047082807D9093806289ABF034B79
:1029600018564FF0FF30704740B2704734B000083F
:1029700030280DD820280FD818280BD814280DD8A7
:1029800010280DD80C280DD808280DD840B2704753
:102990000F2070470D2070470E2070470C207047A5
:1029A0000B2070470A20704709207047F0B5136864
:1029B00085B00E46002B4AD05368144692684FF4F7
:1029C0007A7503FB0555134401330746B5FBF3F550
:1029D000FEF720F8D4E901231A4401322368B0FB42
:1029E000F3F3B3FBF2F31D4A934215D8B3F57A7FA4
:1029F00020D21B4A1B4C00923246A4FB0564E4081B
:102A0000019404EB8404A5EB44041749029438466E
:102A100007F000FE05B0F0BD144A41F2C60103FB09
:102A200002F2B1EBB21F05D3114AA2FB03239B0CA8
:102A3000104ADFE7104A114903FB02F2B1EBF20F33
:102A4000D7D30F4AA2FB03239B090E4AD2E70E49B4
:102A5000324605B0BDE8F04007F0DCBD3F420F0054
:102A6000A8B00008CDCCCCCC18B000083961C26841
:102A700083DE1B4300B00008D578E9263789410082
:102A8000D34D6210D8AF000804B0000830B5037809
:102A900003F06003202B89B004460BD0402B09D0F3
:102AA0007BB1802000F010FD002000F00DFD002023
:102AB00009B030BDB04B20469B689847002009B054
:102AC00030BD4378092BECD801A252F823F000BFA7
:102AD000292B0008512B0008A32A00086F2B00089F
:102AE000A32A0008812B0008B92B0008A32A00089C
:102AF000F12B0008F92A00088078A04C01282070EA
:102B0000CFD89F4D95F89C32022B00F01181032BFA
:102B100000F0FE80802000F0D7FC002000F0D4FC04
:102B2000207800F0B3FAC2E7954890F89C32013B58
:102B3000022BB6D8E1880229B3D1D0F8A032002BFD
:102B400014BF0B46002340F80C3F00F035FAAEE707
:102B50008B4A92F89C32013B022BA2D84388012B6E
:102B6000A5D10023C2F8A03200F056FA9FE74388AF
:102B7000012B9CD1824AC2F8A03200F04DFA96E7B0
:102B80008388002B8DD1C388002B8AD144887F2C69
:102B900087D87B4D95F89C32032B82D0E0B285F824
:102BA0009E0200F0C1FC00F037FA002C00F0D78044
:102BB000022385F89C327AE74088030A0022022B20
:102BC000ADF80A2000F09680032B2AD0012B7FF469
:102BD00068AF12216B48ADF80A10E388002BCCD007
:102BE000994228BF1946ADF80A1000F0E5F95EE7F2
:102BF000C18801297FF455AF614890F89C32022BBF
:102C000008D8002B3FF44DAF002340F8083F00F0F8
:102C1000D3F94CE7032B7FF444AF043000F0CCF938
:102C200045E7C0B2032800F29E80DFE800F0464B83
:102C30002F025549D1F89005D1F89825D1F894354F
:102C4000524903250244009503A807F0E3FC03A8BA
:102C5000FDF7E6FA411C4E4B9DF80C005D704900F3
:102C600089B2ADF80A10197070B103AD02224FF0AD
:102C7000000C9854501CC0B2023203F800C015F882
:102C8000010FD2B20028F4D14148A6E74221404BBF
:102C9000ADF80A1040F242323E491A800025432224
:102CA0001A54421CD2B202309D5411F8012FC0B206
:102CB000002AF5D1364842218FE704213648ADF885
:102CC0000A108AE7324B3548962140F29632ADF829
:102CD0000A101A804321022200259954511CC9B2BE
:102CE00002325D5410F8011FD2B20029F5D12848F4
:102CF000962172E72A488378ADF80A30E388002BE2
:102D00003FF43BAFBDF80A1000293FF4D0AE67E7AF
:102D1000E0B1686801283FF430AFC0B200F0B6F906
:102D20002078686000F0A8F902287FF426AFB8E6A2
:102D300000283FF422AF01200323686085F89C320D
:102D400000F09AF902287FF418AFAAE6022385F86A
:102D50009C32686000F09AF900F05EF9A7E6012362
:102D600085F89C32A3E60DF10A0102F047F800282D
:102D70003FF497AEC2E700BF68000020D80A0020E9
:102D8000DC0A0020DC0000200070FF1FACB000084F
:102D9000D808002088B00008580000203CB0000887
:102DA0009000002010B5037803F06002402A04462A
:102DB00009D05B0607D5802000F086FB002000F0DC
:102DC00083FB002010BD0A4B93F89C32013B022B81
:102DD000F1D82379022BEED8064B20469B68984702
:102DE000E388002BEDD10028EBD100F015F9E8E7DE
:102DF000DC0A00206800002010B5037803F06003AF
:102E0000202B0AD0402B08D063B1802000F05CFB5F
:102E1000002000F059FB002010BD444B9B689847F0
:102E2000002010BD43788288012B5FFA82FC3ED0DF
:102E3000032B2AD0002BE8D13D4B93F89C1202299A
:102E400050D00329E1D112F0800F0CF00F0202EBF9
:102E5000820203EB820256D1D2F85821002AD4D044
:102E600014240CF07F0204FB023303F5AA74002A39
:102E700047D0604600F044FB002850D00123236077
:102E80000221204600F098F8C5E7294B93F89C32C0
:102E9000022B1DD0032BB8D143882BB91CF07F0F18
:102EA00002D0C388002B3CD000F0B6F8B3E7204B2B
:102EB00093F89C32022B0BD0032BA6D14388002B16
:102EC000A9D11CF07F0FEFD0604600F00BFBEBE7C1
:102ED0001CF07F0F99D0604600F0F6FA802000F0D9
:102EE000F3FA98E71CF07F048FD103F5AA7012F073
:102EF000800F03F1140318BF1846046000F05CF85B
:102F000089E72260BCE79269002A3FF47EAF0CF0AB
:102F10007F02541C04EB840403EB8404A7E72060C5
:102F2000AEE7604600F0D0FABEE700BF68000020C0
:102F3000DC0A00200B7803704B784370CA788B78DA
:102F400003EB022343804A790B7903EB022383804E
:102F5000CA798B7903EB0223C380704708B58020C0
:102F600000F0B2FABDE80840002000F0ADBA00BFA2
:102F7000E8B170B50E460446FDF752F9431C0D4DFD
:102F80005B009BB2032233802B706A70217861B1A1
:102F90002046022300245A1CD2B2E954AC5410F843
:102FA000011F0233DBB20029F5D1024870BD014890
:102FB000704700BFD808002010B5064B0A46C3E989
:102FC0000722014602240020C3F8944200F0BAFA16
:102FD000002010BDDC0A002008B50A46014600208A
:102FE00000F0B0FA002008BD10B5064B0A46C3E950
:102FF0005722014603240020C3F8944200F0B2FA9D
:10300000002010BDDC0A002008B50A460146002059
:1030100000F0A8FA002008BD10B50022044B0424DB
:1030200011461046C3F8944200F08CFA002010BDFF
:10303000DC0A002010B50022044B0524114610467E
:10304000C3F8944200F08EFA002010BDDC0A002084
:10305000084B10B5012200241C7083F89C2200F05C
:10306000D1F908B1204610BD00F004FAB0FA80F0A2
:10307000400910BDDC0A002008B5034B1B689847C7
:10308000002818BF022008BD6800002008B5024BC8
:103090005B689847002008BD6800002010B5164CFA
:1030A000014604F52970FFF745FF94F8A402B4F82F
:1030B000AA22012100F01F038B42C4E9A51208D007
:1030C000022B12D05BB100F0800000F0FDF900206F
:1030D00010BD04F52970FFF765FE002010BD04F552
:1030E0002970FFF7D3FC002010BD04F52970FFF70D
:1030F00083FE002010BD00BFDC0A002010B570B9AF
:103100001C4A0B46D2F89412032915D0052904460F
:103110000ED1C2F8940200F0D7F9204610BD164B2C
:103120009B693BB1134A92F89C22032A02D198472B
:10313000002010BD022010BDD2E9580188420BD9F1
:10314000401A8142C2F860018CBF81B289B2184630
:10315000FFF75AFF002010BD074B1B691BB192F807
:103160009C22032A03D0FFF757FF002010BD984789
:10317000F9E700BFDC0A00206800002038B588B9F4
:103180002F4DD5F89422022A1CD032F0040302D12C
:10319000802000F099F995F89F32012B4FF0000044
:1031A0000DD038BD274B5B693BB1254A92F89C2274
:1031B000032A02D19847002038BD022038BD85F887
:1031C0009F0238BD0B46D5E908218A4229D8EB6910
:1031D000B3FBF1F401FB143484B999420ED8D5F84D
:1031E000982293420AD22146FFF7F6FE2246214654
:1031F0002046C5F8984200F0B5F9CCE7114BDB68E2
:103200001BB195F89C22032A18D0802000F05CF9AD
:10321000FFF710FF95F89F32012B4FF00000C0D14F
:10322000CDE7521A044691B218462A62FFF7D4FE3F
:1032300022462146204600F095F9ACE79847E4E79E
:10324000DC0A00206800002070B5002140260F4CE9
:103250003246084600F01AF9012532460021802046
:10326000C4F85851C4F8646100F010F9084BA56126
:103270000020666284F89C52C4F894026060C4F82E
:10328000A0025B68BDE87040184700BFDC0A002060
:1032900068000020014B187400207047DC0A0020F1
:1032A000044B042293F89C1283F89D1283F89C220D
:1032B00000207047DC0A0020054B93F89C22042A6A
:1032C00004BF93F89D2283F89C220020704700BF22
:1032D000DC0A002008B5074B93F89C32032B01D081
:1032E000002008BD044BDB69002BF9D09847002073
:1032F00008BD00BFDC0A0020680000200E4A0F4B0A
:1033000012689A4200D0704703F5DA3300B5996D20
:1033100041F4000199659B6D83B003F400030193B0
:10332000142000220221019B02F09CFC142003B017
:103330005DF804EB02F0D4BC880D0020005C004076
:1033400008B501F07FFD00B108BDBDE808400148A7
:10335000FFF7A4BE20100020044B01EB810203EB19
:10336000C2030846D3F86411FFF7C8BE880D0020D9
:10337000044B01EB810203EBC2030846596AFFF7D5
:10338000FDBE00BF880D0020FFF7A4BF08B50120D7
:10339000FFF780FFBDE80840FFF756BF08B5084BB0
:1033A00001221A70FDF786FFFFF77AFF054B5B7A63
:1033B00023B1054A136943F00603136108BD00BF3A
:1033C00064100020880D002000ED00E008B5074BD8
:1033D0005B7A23B1064A136923F006031361FFF7F2
:1033E0006BFF044B00221A7008BD00BF880D00203F
:1033F00000ED00E064100020014B1878704700BF1A
:103400006410002008B506480649074A012380E8F1
:103410000E0004F0F9F8BDE8084001F0BDBC00BFA3
:10342000880D0020005C00400802000238B51546F7
:103430001C46A9B11268D31801462B600C4843EA18
:103440000243012205F0A8F82B68E01D184420F083
:103450000700B0F5806F28608CBF0020012038BDC8
:103460000A462B680146024805F096F8ECE700BFD3
:10347000880D002008B5044804F0B0F918B10228FE
:1034800014BF0220012008BD880D0020844608B525
:1034900005480B46614604F06FFF18B1022814BFBF
:1034A0000220012008BD00BF880D002008B501469C
:1034B000044804F099FF18B1022814BF022001202B
:1034C00008BD00BF880D002008B50146044804F07F
:1034D000F1FF18B1022814BF0220012008BD00BF6F
:1034E000880D002008B50146044805F01DF818B104
:1034F000022814BF0220012008BD00BF880D002053
:103500000206084B06D400EB800003EBC00090F8E5
:103510005201704700F07F0000EB800003EBC00019
:10352000807C7047880D002008B50146044804F0EF
:103530000FFF18B1022814BF0220012008BD00BFF0
:10354000880D0020844608B5054813460A466146A2
:1035500004F092FF18B1022814BF0220012008BD18
:10356000880D0020844608B5054813460A46614682
:1035700004F068FF18B1022814BF0220012008BD22
:10358000880D00200D4885460D480E490E4A00233F
:1035900002E0D458C4500433C4188C42F9D30B4A07
:1035A0000B4C002301E013600432A242FBD3FDF771
:1035B000C3F906F0CBFFFDF75FF9FEE7000002203C
:1035C000000000206802002078B100086802002096
:1035D000BCDF0120FEE700003A4B40F60F7270B5E9
:1035E0001A8001F019FD384B3849394A5960394978
:1035F000394C996012680121D9704EF23B51002A72
:1036000021604FEA10654FEA10414FEA10201D700B
:1036100059709870C8BF4EF63B534FF00000C8BFBA
:103620002360FFF77BF90646FDF7F4F9012573687F
:10363000B1683268E360C4E90105F368A361284614
:10364000C4E90451C4E907526562FFF767F9234BE7
:1036500062685A6022681A604268214C9D62C3E920
:103660000B2582685A6302681A64C268DD635D6470
:1036700003F1080C9A630FCCACE80F0094E80F003C
:103680008CE80F0001F0CCFC164B174A174C1D4676
:1036900025F8020B03CA1288C3F8020069602A8168
:1036A00007CCC3F81B00586B2588A478A3F82750D3
:1036B00040F00100C3F81F10C3F8232083F829400D
:1036C000586370BD940200201011002007082600E6
:1036D0002400002000010300A0100020C8100020DA
:1036E000A810002068100020BCB00008C8B0000876
:1036F0002DE9F0414378162B92B000F09F80132BF8
:10370000044603D9914A107800284BD01B2B0FD8C0
:10371000DFE803F0330E0E0E0E33330E0E0E0E0ED8
:103720000E0E0E0E0E0E0E0E330E0E0E33574E4EA6
:103730006588012D00F38E800026EDB2B046284644
:10374000FEF730FB20B3824F02233B7094F9003028
:10375000002B63783ADB1B2B1ED8DFE803F087953C
:10376000A21D1D1D1D871D1D951D871D1D1D1D1DB8
:103770001D1D1D991D97A01D1D9B65880026AD1B55
:1037800018BF01252846B046FEF70CFB0028DAD109
:103790002846FEF77BFDD6E731233B70002012B0B0
:1037A000BDE8F0816A4B31221A7012B0BDE8F08199
:1037B0006088FDF793FA0646002852D00025A846F7
:1037C000BDE7002594F802802E46B8E70022043BAE
:1037D000CDE900220292162BDED801A252F823F086
:1037E000D338000835390008033900089937000834
:1037F0009937000899370008993700083B390008C5
:1038000099370008ED380008D938000899370008C2
:103810009937000899370008993700089937000848
:103820002F390008993700089937000899370008A0
:10383000993700080F390008A7380008444B0121C8
:103840001B788DF81C3007A8FFF7B6FB012012B0DB
:10385000BDE8F0813E4F322300203B7012B0BDE83E
:10386000F0813B4F3D233B70002098E70422E38822
:103870009342F0D320686168364B03C33648E18831
:10388000FFF7B2FB01208AE71422F0E70122EEE7FE
:103890001122ECE7E388B3F5FA6FEBD9E2E70C22EB
:1038A000E5E70822E3E730464FF6FF7230F8023BC7
:1038B000934248D0B3F5FA6F28BF4FF4FA63E1881A
:1038C000994228BF1946FFF777FB012012B0BDE8E7
:1038D000F08122482823F2E72846FEF763FA002801
:1038E00044D10423009368460C23E8E703A9284643
:1038F000FEF728FA20B39DF80C30079307A804239D
:10390000DDE7FDF78DF80423079007A8D7E7B8F1A6
:10391000010FA0D10220FDF795F888B102280CBF55
:1039200002230023ADF80C3003A80223C7E70C489C
:103930003823C4E70B480C23C1E70B484823BEE7F4
:1039400036233B702BE70023B9E700BF5D00002062
:103950005C000020F41800201C110020A0100020A2
:103960006810002010110020C81000202846FEF723
:1039700065FA07A902F080FE2846FEF75FFA03A960
:1039800002F0A2FEDDE903210B9BCDE901120BB190
:10399000012300930A9B0BB1022300930C9B0BB1F4
:1039A000032300930C23684689E700BF30B5A74B7B
:1039B0005888597885B0C4B21B2917D8DFE801F0C0
:1039C000B9182D161616166616161816711616162E
:1039D00016161616168216A80E1616B19C4B5A8885
:1039E000012A00F020819B4B32221A7005B030BDB5
:1039F000974DD5E900232046A1F10A01EC68019416
:103A0000B1FA81F1AC680094134449092A69FDF7C1
:103A1000BFFD904B187005B030BD8D4D2B68012B4C
:103A2000E1D800F08D80FEF7B3F98B4A00B9107031
:103A30006B6859044ABF0121117811701807874A31
:103A400000F1FB800F2010554FF0CF0C8F204FF06E
:103A50004F0E13F0100F1CBF02F804E0604651B186
:103A6000190448BF1055117841F0100111705178B8
:103A700041F0100151702968012900F0F18039B935
:103A8000204605B0BDE83040FDF76ABC704B1968B0
:103A9000003918BF0121204605B0BDE83040FEF7CF
:103AA0008DBB6B4B1968A1F10101B1FA81F1204680
:103AB0004909FEF727F9002898D1664B36221A707B
:103AC00005B030BD624D2B780E2B8CD801A252F878
:103AD00023F000BFBB3B0008A53B00088F3B00085C
:103AE000E7390008E7390008E7390008E739000836
:103AF000E7390008E7390008E73900088B3B000880
:103B0000DF3B0008C73B0008033C0008693B000896
:103B10004F4B20461978FEF72BF94E4B187005B025
:103B200030BDDA884A49FDF701F94A4B187005B0F3
:103B300030BD474A12684BF6EF639A42BDD155E754
:103B40002046FEF72FF9002840F097806B68D805D3
:103B50007FF569AF2046FEF73DF900287FF463AF9B
:103B60003C4B3A221A7041E70123D5F80510D5F8ED
:103B700001200193CDE902216A7AA97A00932046B7
:103B8000FDF766FE334B187030E70023EDE7D5F8FC
:103B90000530D5F8012001212046FDF7C7FD2D4B4A
:103BA000187023E7D5F80530D5F80120002120460C
:103BB000FDF7BCFD274B187018E72046FDF738FECF
:103BC000244B187012E7D5F80510D5F80120002015
:103BD000CDE9022101236A7AA97A0190CEE7D5F8CE
:103BE0000510D5F801200023CDE90221CDE90033ED
:103BF0006A7AA97A01232046FDF72AFE154B187030
:103C0000F4E6D5F80510D5F8012001230020CDE910
:103C10000221CDE900036A7AA97A2046FDF718FE51
:103C20000C4B1870E2E61B88052B7FF4DCAE0320FA
:103C3000FCF736FF074B1870D8E60E2010554FF0F2
:103C4000CE0C8E204FF04E0E03E700BFF41800207C
:103C50001C1100205C0000205D0000209402002068
:103C6000DA070ED513F0020F0CBF02210321204604
:103C7000FDF7D0F9054B1870B8E6044B34221A70E2
:103C8000B4E613F0020118BF0421F0E75C00002045
:103C900010B50446FEF708F920B92046BDE81040EB
:103CA000FDF7EABB204600F059FE2046BDE8104073
:103CB000FDF7E2BB38B50D4600F074FF044600F591
:103CC00053402C3000F056FFC0B103220F23027284
:103CD0004372857272B6BFF34F8FBFF36F8F04F5D7
:103CE000504204F55344D2F84033C2F840033C3408
:103CF000C0E90043186062B6BFF36F8F38BD00BFE4
:103D00001E4B1B5CDB0601D40020704770B50E46CD
:103D100000F048FF054600F553402C3000F02AFF24
:103D2000044628B33046FCF77BFA4E28024621D8D9
:103D3000831CDBB223720E236372314604F10A0046
:103D400006F038FC72B6BFF34F8FBFF36F8F05F5E7
:103D5000504205F55345D2F84033C2F840433C3554
:103D6000C4E900531C6062B6BFF36F8F012070BDC1
:103D7000002070BD024E14221623DBE794020020BF
:103D8000D8B000082DE9F04F01F5534883B008F191
:103D90003C0872B6BFF34F8FBFF36F8F01F55045EC
:103DA000D5F83C43A04500F0CC800F4682461CB1BC
:103DB000D4E9002353601A6062B6BFF36F8F002C02
:103DC00000F0C280624B1B78002B6ED072B6BFF33E
:103DD0004F8FBFF36F8FD5F83C93C84500F09B80A1
:103DE00062B6BFF36F8F5B4B13F90A30002B80F282
:103DF0009580B9F1000F00F0918007F5534B5B46B9
:103E00002C3301934FF488530BF1440BA5F8443342
:103E1000022621460BEB060011F8087F3A4606F011
:103E2000C9FB95F844333E440133B6B285F84433B8
:103E300072B6BFF34F8FBFF36F8FD5F83033019A4F
:103E4000C5F83043C4E900231C6062B6BFF36F8F2E
:103E5000B9F1000F57D095F84433FA2B53D899F89D
:103E600008303344B3F5006F4DDA72B6BFF34F8FAD
:103E7000BFF36F8FD5F83C43A04558D01CB1D4E9AF
:103E8000002353601A6062B6BFF36F8F72B6BFF340
:103E90004F8FBFF36F8FD5F83C93C84549D062B6BA
:103EA000BFF36F8F002CB4D12DE0A37C29489B0772
:103EB000637CC35C54BF14224C2203F0400354BF04
:103EC000182150219446002B07F5534B0E4614BF82
:103ED0000A4666460BF1440B04F10801584606F009
:103EE00069FB72B6BFF34F8FBFF36F8FD5F83033D6
:103EF000C5F8304307F553472C37C4E900731C60FD
:103F000062B6BFF36F8F32465946504603B0BDE8E4
:103F1000F04F00F0DFBF62B6BFF36F8F214607F5A9
:103F2000534B11F8082F0BF1440B96B2D6E700243F
:103F3000A9E762B6BFF36F8F002CE4D04FF0000901
:103F400067E762B6BFF36F8F03B0BDE8F08F00BFC5
:103F50005D0000209402002019494EF2443C0CFB05
:103F600000FC4DF2243201EB0C0310B50CEB020403
:103F70000C444DF234309C500CEB00020A441A50B1
:103F80004DF2283E4DF2383043F80E401A5003F5FA
:103F900050429E44D2F828030CF104020A4401F571
:103FA000D8418C4401466C339C45CEF8002043E94F
:103FB0001A4010460A6002F16C02F3D110BD00BF36
:103FC000FC180020F0B50646174681B3324C4EF27D
:103FD000443E0EFB00FE4DF2243304EB0E010EEBCB
:103FE000030525444DF23432CD500EEB0203234439
:103FF0008B504DF2283C4DF2383241F80C508B502A
:1040000001F550438C44D3F828030EF104032344F4
:1040100004F5D844A64402466C318E45CCF80030F5
:1040200041E91A501846136003F16C03F3D197B3BA
:10403000194C4EF2443E0EFB06FE4DF22C3204EBC0
:104040000E030EEB020525444DF23C319D500EEB64
:10405000010222445A504DF230364DF240319D510A
:104060005A501E4403F550430C4AD3F830030EF562
:10407000D8430433234402EB0E0C0EF10404024631
:10408000A3EB0E013360184641F80E500A5113603D
:1040900058339C45F3D1F0BDFC18002020EC0020E3
:1040A00008B5012211460020FFF78CFF0122BDE870
:1040B000084011461046FFF785BF00BF4EF2443C52
:1040C0002DE9F8430CFB00FC72B6BFF34F8FBFF332
:1040D0006F8F334C4DF2243E04EB0C0353F80E303B
:1040E000E644A644734550D01BB1D3E90065756022
:1040F0002E6062B6BFF36F8F002B49D003F1080E1C
:1041000001F120090F684E688D68D1F80C80CEF857
:104110000C8010314945CEF80070CEF80460CEF81E
:1041200008500EF1100EEDD10968CEF8001002F122
:10413000400803F12C0116685568D2F808E0D768EA
:10414000CF60103242450E604D60C1F808E001F1C9
:104150001001F0D172B6BFF34F8FBFF36F8F4EF2E5
:10416000443202FB00404DF238310CF5534C4258BA
:1041700043500CF1340C6444C3E90042136062B64E
:10418000BFF36F8F0120BDE8F88362B6BFF36F8F76
:1041900001220421FDF76AFE0020BDE8F88300BF7C
:1041A000FC1800202DE9F047414B1C788AB0BCB1C7
:1041B0004B780A2B6CD18846D1F803408F7891F860
:1041C00007A0054618F8080B14F08049A0F1080074
:1041D00069D0002865DD0E7A082E28BF08260BE07E
:1041E0004D7A012D48D84C6891F800A08F7A0E7A4C
:1041F00001F10C0804F08049002303930793029314
:10420000069328464FF400030893FDF7D5FD0028D8
:1042100014BF4FF000430023002C0593BABF24F0D5
:1042200060444FF08043C4F30A04CDF824A0B8BF23
:1042300002930194B9F1000F02D04FF000530393A1
:10424000082E22D947F002072846FDF7C3FD044691
:1042500090B14FF4001307937B0744BF4FF48013D2
:104260000693424601A928460496FFF727FF044615
:1042700020460AB0BDE8F087284601220221FDF75A
:10428000F5FD20460AB0BDE8F087BA07E9D5DBE7BF
:1042900001220221FDF7EAFD002420460AB0BDE814
:1042A000F0870026A8E7FEF763FBC6B2A4E700BFCD
:1042B0005D0000202DE9F04F4B7891B0102B059058
:1042C00040F0AC800B780E46002B00F0B5804FF02C
:1042D000000B88788C1C0225DA466DE062780A2A89
:1042E00040F08480E379D4F80320029304F10803BA
:1042F000049312F0804394F802800393A0F1080025
:1043000000F08480002840F38E80277ADDF8149036
:10431000082F28BF08274FF40003484601920E9348
:10432000CDF824A0CDF834A0CDF820A0CDF830A051
:10433000FDF742FD019A029B0F93002814BF4FF036
:1043400000400020039B0B90002ABBBF22F060427C
:104350004FF08040C2F30A020890079213B14FF069
:1043600000520992082F3DD948F002084846FDF74F
:1043700031FD00285BD04FF4001218F0040F0D92AD
:104380001CBF4FF480120C92049A0A97484607A962
:10439000FFF794FE00284FD0327821780BF1010B03
:1043A0005FFA8BFB5A450D4446D9705D4219B2F550
:1043B000006F06EB050442DC224B1A78002A8DD1EF
:1043C00094F80990B9F1010F18D823786268029324
:1043D00004F10C03049302F0804394F80A80277AD6
:1043E000039398E718F0020FCED0BFE70122022115
:1043F000059811B0BDE8F04FFDF738BD012202214C
:10440000484611B0BDE8F04FFDF730BD0192FEF710
:10441000AFFADDF81490019AC7B27CE711B0BDE89D
:10442000F04FFFF7BFBEDDF81490002773E70122BD
:1044300002214846FDF71AFD11B0BDE8F08F0122B8
:104440000421D5E75D0000202DE9F84F5C4B1C7876
:1044500082460E461546002C66D05A4F4EF2443224
:1044600002FB007772B6BFF34F8FBFF36F8F07F574
:10447000504907F55342D9F82C432C3294424ED080
:104480001CB1D4E900124A60116062B6BFF36F8FAD
:10449000002C47D07268B2F1804F326806BF22F01C
:1044A000604242F00048C2F30A08B268B2F1005F0D
:1044B000B26908BF48F08048B2F5001F36D01B78BB
:1044C000307B4FF0000B002B43D018F0804F6ED0A4
:1044D000012228700C23104623720C2384F80AB0A2
:1044E0006372F369C4F80F30374BC4F80B8013F8CC
:1044F0000A305B0653D5294604F1130006F05AF83A
:1045000072B6BFF34F8FBFF36F8FD9F84033C9F83E
:10451000404307F553473C37C4E900731C6062B65B
:10452000BFF36F8FBDE8F88F264F9BE772691B784A
:10453000307BB2F5801F326915BF0A210E214FF082
:10454000020B4FF0060BB2F1004F08BF8B46002B59
:10455000BBD1E3744FF0FF33A36084F811A084F85B
:1045600012B0C4F80C80207404F1140305F1400E5D
:1045700028686968AA68D5F80CC0C3F80CC0103563
:104580007545186059609A6003F11003F0D1B36962
:10459000B3F5001FF3690CBF6365E361B0E7073053
:1045A0002072294604F10F0006F004F8A8E7FEF790
:1045B000D1F9C0B200F10B03DBB202468CE700BFB9
:1045C0005D000020FC18002094020020DFF874C178
:1045D0002DE9F84F15461A469CF800305A4F82468E
:1045E0000E461BB14EF2443303FB007772B6BFF3A5
:1045F0004F8FBFF36F8F07F5504907F55343D9F835
:104600002C432C339C424FD01CB1D4E900134B6097
:10461000196062B6BFF36F8F002C48D07368B3F196
:10462000804F336806BF23F0604343F00048C3F374
:104630000A08B368B3F1005FB36908BF48F0804867
:10464000B3F5001F35D09CF80030307B4FF0000BE5
:10465000002B42D018F0804F6BD0012228700C2321
:10466000104623720C2384F80AB06372F369C4F80D
:104670000F30364BC4F80B8013F80A305B0650D568
:10468000294604F1130005F095FF72B6BFF34F8F72
:10469000BFF36F8FD9F84033C9F8404307F553474C
:1046A0003C37C4E900731C6062B6BFF36F8FBDE88E
:1046B000F88F7369307BB3F5801F336915BF0A210A
:1046C0000E214FF0020B4FF0060BB3F1004F08BF65
:1046D0008B469CF80030002BBCD1E37484F811A009
:1046E00084F812B0C4F80C802074A26004F11403A2
:1046F00005F1400E28686968AA68D5F80CC0C3F8AF
:104700000CC010357545186059609A6003F11003AC
:10471000F0D1B369B3F5001FF3690CBF6365E361C2
:10472000B3E707302072294604F10F0005F042FF7D
:10473000ABE7FEF70FF9C0B200F10B03DBB20246A4
:104740008FE700BF5D000020FC18002094020020CD
:104750002DE9F04FDFF860A1584E9AF800304EF284
:10476000443400FB04F48BB006EB04090746002B2D
:1047700014BF4D463546FDF753FB002855D072B6A1
:10478000BFF34F8FBFF36F8F09F5504904F55343C3
:10479000D9F8348334333344984500F08580B8F138
:1047A000000F03D0D8E9002353601A6062B6BFF34C
:1047B0006F8FB8F1000F38D03846FDF719FB02288B
:1047C00038D0012202213846FDF750FB04F553444E
:1047D0002434344472B6BFF34F8FBFF36F8FD9F8D0
:1047E0002833C9F82883C8E90043C3F8008062B6BB
:1047F000BFF36F8F2B781BB929463846FFF7C2FAF3
:104800004EF2443303FB07634DF224329B58A3421C
:1048100044D005F5504305F55341D3F82C332C31E2
:104820008B4233D00BB0BDE8F08F04F553442434F1
:104830003444DFE708F12C0B5A4608F108013846EA
:10484000FCF7C0FD9AF80030002BBFD1D8F8083033
:104850000093D8F80C300193D8F810300293D8F8B0
:1048600014300393D8F818300493D8F81C3005930B
:10487000D8F820300693FCF7D3F8D8F82830079002
:104880005A4669463846FFF7A1FE9FE700220821F5
:1048900038460BB0BDE8F04FFDF7E8BA002204211E
:1048A0003846FDF7E3FAB4E762B6BFF36F8F04F55D
:1048B0005344243434449DE75D000020FC1800205C
:1048C000234B1B78002B42D070B54EF24433214C61
:1048D00003FB00F2A31872B6BFF34F8FBFF36F8FC5
:1048E00003F5504E02F553432C3304EB030CDEF872
:1048F0002C33634527D01BB1D3E9006575602E606A
:1049000062B6BFF36F8F0BB307251D720B255D7267
:104910000D6A9D72C969C3F80B100F49095C4906FD
:104920005CBF0321197272B6BFF34F8FBFF36F8F55
:1049300002F55342DEF84013CEF840333C322244B5
:10494000C3E900210B6062B6BFF36F8F70BD704783
:104950005D000020FC180020940200202DE9F8439F
:10496000DFF80492814D99F8003006461BB14EF2F3
:10497000443303FB005572B6BFF34F8FBFF36F8F05
:1049800005F5504805F55343D8F82C432C339C4289
:1049900000F0A3801CB1D4E9002353601A6062B612
:1049A000BFF36F8F002C00F09B805022002104F198
:1049B000080005F027FE99F80030F3B93046FDF7FE
:1049C0006BFA0378202B04F114071ED0302B00F073
:1049D0008980102B00F0B8804379002B40F0AB8029
:1049E00020214FF4007C00228378013B052B1FD847
:1049F000DFE803F09C971D8B92903046FDF74CFA50
:104A00000378202B04F10E07E0D1C3781BB17B782B
:104A100043F020037B700379002BE1D07B7843F0D7
:104A200010037B7020214FF4007C0022DCE70A4653
:104A300099F80030002B39D14378D90648BF42F0AD
:104A4000010213F0080F797851D113F0040F55D1FA
:104A5000002957D1B97809B142F008027B71C378B7
:104A6000BB710379FB71082342F0005223744FF0AD
:104A7000FF33E2606674A360FBF7D2FFE06172B6B9
:104A8000BFF34F8FBFF36F8FD8F84033C8F8404360
:104A900005F553453C35C4E900531C6062B6BFF3CD
:104AA0006F8F3046BDE8F843FDF7C0BA43787B719D
:104AB000C378BB710379FB7140F612532381C4F8AC
:104AC0000A20FBF7ADFF2A4BC4F816009B5D5B067E
:104AD000D5D4237A043B2372D1E762B6BFF36F8F3C
:104AE000BDE8F88360214FF4107C40227CE741F060
:104AF00001017970437813F0040F03D041F00201F3
:104B00007970437842F00402A4E7BB7843F01003C5
:104B1000BB708DE762468BE7BB7843F00803BB7040
:104B200086E7BB7843F00203BB7081E7BB7843F0B4
:104B30000403BB707CE77B7843F040037B7020214B
:104B40004FF4007C00224FE7C3781BB17B7843F021
:104B500008037B700379002B3FF442AF7B7843F06E
:104B600004037B703CE700BF5D000020FC180020C0
:104B700094020020034672B6BFF34F8FBFF36F8FCE
:104B80000068834208D018B1D0E9002353601A604E
:104B900062B6BFF36F8F7047002062B6BFF36F8FAE
:104BA000704700BF024B4EF2443202FB00307047A8
:104BB000FC1800201F4B20482DE9F047002201245B
:104BC0004FF47F411D4F1E4D1E4E047091461A70CA
:104BD000998090465FFA89FA5046FFF7E3FF80F824
:104BE0000080044617F8010B2B7800F00F0103F04A
:104BF0000F0306F801A04022022106F803A0FEF7E9
:104C000045FC15F8010B40220221FEF73FFC04F59C
:104C10005B4115F8010C4FF400624431FEF7A2FC31
:104C200010B9B9F1000F01D0BDE8F0874FF00109CC
:104C3000D0E700BF88DF012084DF01206000002072
:104C40006400002090DF012008B5FEF7AFFE0020D1
:104C500008BD00BF70B50E4A00F00F030546D65CD4
:104C60003046FFF79FFF0B4B1B7800F55B44002B92
:104C700004F1440414BF304600202146FFF71AFB1C
:104C80004FF4006221462846FEF76CFC002070BD00
:104C900090DF01205D00002010B500F00F030A4AEC
:104CA0000446D05CFFF77EFF437823B903F0FF0290
:104CB0000270002010BD0022427011462046FEF70F
:104CC00041FC002010BD00BF90DF012070B50A4CF0
:104CD00023787BB1094E0A4D3078FEF7E7FB287840
:104CE000FEF7E4FB7078FEF7E1FB6878FEF7DEFB89
:104CF00000232370002070BD84DF012060000020AD
:104D00006400002038B5027802F06003202B04D044
:104D1000402B02D06BB1002038BD8488012C10D00C
:104D2000FEF7E6FC0028F6D10020FEF717F9002078
:104D300038BD43780A2BEED101211548FEF73CF926
:104D4000E9E702F07F02212AEED14378032B1AD043
:104D5000042B11D0002BE7D10E4D4FF47F422B7066
:104D6000AA80FDF751FD0228D5D03C2817BF0A23A1
:104D70002C712B716871CEE7064B00214FF47F42F6
:104D800019709A80C7E706210248FEF715F9C2E7B5
:104D9000A0DF012088DF012070B582B0382000211B
:104DA0000190402301AA0846FEF740FBF0B14023E2
:104DB00001AA00218020FEF739FBB8B10D4C0E4D41
:104DC000A61C402314F8010B01AA0021FEF72EFBBC
:104DD000402358B115F8010B01AA0121FEF726FB6B
:104DE00020B1B442EDD1002002B070BD022002B06B
:104DF00070BD00BF6000002064000020072810B5CF
:104E0000044607D804280FD80CD1BDE810400A4842
:104E1000FEF7AEB8EE2805D10848FEF7A9F8202322
:104E2000037410BD002010BD0548FEF7A1F82C3416
:104E300080F8244010BD00BF04B1000820B1000874
:104E4000F0B0000838B51F4C1F4904F52970FEF773
:104E500071F894F8A41211F01E0001D0002038BDA2
:104E600094F8A532202BFAD1B4F8A632022BF6D84A
:104E7000B4F8A832042B1AD0052BF0D10146FEF766
:104E800077F892221149054605F094FBB4F8A63252
:104E9000012B04BF322385F84630B4F8AA129229B8
:104EA000284628BF9221FEF787F8012038BDB4F8C4
:104EB000AA120748582928BF5821FEF77DF801207B
:104EC00038BD00BFDC0A002020100020F0000020C8
:104ED00084010020104B70B51D780E46144695B124
:104EE0000546FFF75FFE012303709CB114F03F0FEE
:104EF00018BF00234370094B2246585D3146BDE878
:104F00007040FEF71FBB2846FFF74CFE01230370DD
:104F1000002CEBD12346EDE75D000020600000206F
:104F2000704700BF704700BF10B5094B00244FF019
:104F3000FF329A639C631A641C649A629C62DA6210
:104F4000DC621A631C63FFF7EDFF204610BD00BF53
:104F50000010024038B50F4B1B680BB9012038BD5B
:104F60000D494FF47A720546B2FBF3F30868B0FBC3
:104F7000F3F000F0C3FE04460028EFD10F2DEDD86A
:104F8000024629464FF0FF3000F06CFE034B2046EE
:104F90001D6038BDDC01002004000020E00100207D
:104FA0000A4A136823F4806310B50320136000F0ED
:104FB00047FE0020FFF7CEFF10B10124204610BDB0
:104FC0000446FFF7ADFF204610BD00BF00200240A1
:104FD000034A0449136809680B441360704700BF13
:104FE000A4DF0120DC010020014B1868704700BFDE
:104FF000A4DF012038B50446FFF7F6FF631C054621
:1050000002D0044B1B681C44FFF7EEFF401BA0427C
:10501000FAD338BDDC0100200048704700050201CA
:10502000024B1868C0F30B00704700BF002004E07B
:1050300030B583B000230193002800F0DD80C56DFA
:105040000446002D00F0C58022689368980005D5BD
:10505000936823F0204323F03F0393609368D900C3
:1050600019D47E4B7E481B6891689B09A0FB030303
:1050700021F010419B0921F03F0101335B0041F019
:10508000805191600193019B2BB1019B013B0193E6
:10509000019B002BF9D19368DB0000F18B80E36D5D
:1050A00043F01003E365236E0120034323669368F6
:1050B00013F0040FE36D40F08580DD0600F182807F
:1050C000E36D23F4817343F00203E3659368D9072A
:1050D00019D4B2F1A04F00F0AF80624B9A4200F0B9
:1050E000B480614903F5806389689B680B435F491D
:1050F00089680B43DB0706D45D498B68656823F438
:105100007C132B438B60E568E36B94F824102B43EE
:10511000A5682B43657F012943EA453343EA0143F0
:1051200065D0E16A21B1256B01F4787129430B4305
:10513000D568504929400B43D3601369616B23F054
:1051400040630B43136193681D0724D4D16894F81E
:105150003830257F21F480415B0021F0020143EAD1
:1051600085330B432169D3601369002947D043F489
:1051700080331361D2F8C03023F47F5323F03F0310
:105180000B43C2F8C03094F84030012B43D0136970
:1051900023F0010313616369012B20D0136B23F00B
:1051A0000F031363E36D23F0030343F00103E3658F
:1051B00003B030BD936813F0040F4FF00000E36DAF
:1051C0003FF47BAFE36D012043F01003E36503B0D0
:1051D00030BDFDF797FA256684F8585034E7116B17
:1051E000236A21F00F01013B0B431363DAE7A16A45
:1051F000013943EA414394E7012003B030BD23F471
:1052000080331361D2F8C03023F47F5323F03F037F
:10521000C2F8C030B7E71169636CA56C21F4FF6177
:1052200021F004012B430B43E16C0B43216D0B4335
:1052300043F001031361AEE70A49936889680B43A1
:10524000D9073FF560AF0C4957E74FF0A0439B6883
:1052500091680B43DB073FF556AFF4E704000020ED
:10526000632D3E0500010050000400500006005070
:10527000000700500740F0FF000300500368B3F13F
:10528000A04F2DE9F04105460E466FD04848494AE7
:105290004949834218BF0A46AC699768082C07F051
:1052A0001F070AD0092F63D840F22122FA40D10704
:1052B0005ED5DB68DA0768D40424FFF795FE2A6818
:1052C0008046731C2CD113681C42FCD0EB6D43F458
:1052D0000073EB65D36813F4406F0FD16B7F6BB92C
:1052E000136818070AD5EB6D23F48073EB65EB6D3B
:1052F000D90403D4EB6D43F00103EB652C4B9A42C8
:1053000029D003F580639A424DD0082CD06829D06B
:1053100010F4804006BF0C2313600020BDE8F0812C
:1053200013682342D2D1FFF75FFEA0EB0800B04222
:105330002A680AD913682340C3D1EA6D85F858302A
:1053400042F00402EA650320E8E7002EB9D11368B1
:105350002340B6D1F1E74FF0A041092F1CD9082C0A
:10536000C868D5D114600020BDE8F081114A93E7E8
:10537000B3F1A04F19D00E480E4A0F49834218BF0F
:105380000A46936813F4604F96D0EB6D43F0200308
:105390000120EB65BDE8F08140F2212323FA07F7F5
:1053A000FB07DCD5B1E70549D7E7024AE9E700BFCB
:1053B000000100500003005000070050000400509E
:1053C0000368186C704700BFF0B590F8582083B0A0
:1053D0000346012A4FF00000019000F07B811A681B
:1053E000012083F858009468650767D448688409E9
:1053F00004F00C0400F01F0C02F1300E086854F8A1
:105400000E50C0F384601F2600FA0CF006FA0CFC64
:1054100025EA0C0C40EA0C0044F80E0090684407A2
:105420007CD590680C689068C007254613D4CF6877
:10543000B348D2F8B06007F0180C20FA0CF0C4F3AF
:10544000120C204026EA0C063043C2F8B000AD48EA
:10545000874200F0EC80AC490D425DD0B2F1A04F24
:1054600000F03681A94CAA49AA48A24218BF0146B9
:105470008868A9498D4200F0E07428D0A7498D4280
:1054800025D0A7498D4240F0558110F0807043D15E
:105490009E498A4240D001F580618A423CD09D4DB0
:1054A000A1F50071B2F1A04F18BF29468A6822F019
:1054B000E072224342F080728A6003E0DA6D42F0CB
:1054C0002002DA65002283F8582003B0F0BD010203
:1054D00022D4B2F1A04F00F0108192498A421BD130
:1054E0008C48914A914D126881689209A5FB02523D
:1054F000920921F0E07101320C4302EB420292006A
:1055000044F4000484600192019A2AB1019A013A9C
:105510000192019A002AF9D10020D3E7906810F097
:10552000080040F082808C680E68B4F1004F00F0F3
:105530001C814FEAD65C02F114070CF0040CC6F390
:1055400004565CF807504FF0070EB4400EFA06F60A
:1055500025EA06052C434CF80740546924F0004422
:1055600054610F69D568042F2FD002F16004C5F390
:10557000C10554F827E0DFF8B8C16E000D680EEAE7
:105580000C0C05F0F84545EA0C0C4D69B54045EAB0
:105590000C0545F0004544F827500F698E6954F812
:1055A000275025F08075354344F827500D7F0E694C
:1055B000012D54F8265008BF4FF0007025F00075FB
:1055C000284344F826000C682DE70C68106E106E16
:1055D000C4F31205C0F38460002D40F0E880C4F3EA
:1055E0008465A84200F05C81506E566E02F1600046
:1055F000C6F3846602F16407AE4200F03F8186681C
:10560000866800F10807C6F38466AE4200F0248184
:10561000C668C66800F10C07C6F3846085427FF453
:1056200002AF386820F0004038600C68FBE6BCF13F
:10563000000F52D094FAA4F0002800F0E980B0FAEC
:1056400080F0013000F01F00092840F2E18094FA58
:10565000A4F0002800F04081B0FA80F0013080060C
:1056600000F0F84094FAA4F5002D00F03A81B5FA64
:1056700085F5013505F01F05012606FA05F50543F8
:1056800094FAA4F4002C00F02A81B4FA84F4601C8B
:1056900000F01F046FF01D06032010FB04600005DE
:1056A00040F000702843C60D8C6802F1140506F026
:1056B0000406C0F3045004FA00F74FF0070C7459C5
:1056C0000CFA00F024EA0000384370510D68C2E67D
:1056D0000F49CDE6022003B0F0BDA40E013404F062
:1056E0001F06092E55D8A5060120B04005F0F84543
:1056F000054306EB46000005D4E70548F1E600BF88
:10570000FFFF070000007F400000088000010050FC
:105710000003005000070050000021C31000C0909B
:10572000000052C70006005004000020632D3E0513
:1057300000F0FF036C498D427FF4EEAE10F4800060
:105740007FF4EAAE69498A423FF4E6AE684D01F55E
:105750000071B2F1A04F18BF29468A6822F0E072AA
:10576000224342F480028A60ACE6F50D02F1140493
:1057700005F00405C6F304562F594FF0070C0CFA38
:1057800006F627EA06062E51546944F00044546197
:10579000E7E606EB4600A5061E38012405F0F845AD
:1057A000000504FA06F640F0007035437AE794FAF3
:1057B000A4F51DB1B5FA85F5A84271D0506E566EAC
:1057C00002F16000C6F3846602F1640794FAA4F55E
:1057D0001DB1B5FA85F5AE4250D08568866800F1F6
:1057E0000807C6F3846694FAA4F51DB1B5FA85F5E9
:1057F000AE4231D0C568C56800F10C07C5F38460BE
:1058000094FAA4F5002D3FF40EAEB5FA85F505E740
:1058100094FAA4F0002859D0B0FA80F00130800644
:1058200000F0F84094FAA4F5002D4DD0B5FA85F5B6
:10583000013505F01F05012606FA05F5054394FA22
:10584000A4F4002C45D0B4FA84F4013404F01F040D
:1058500004EB4404200525E73C6824F000443C6048
:10586000C4680C6800F10C07C068C4F31205C0F3EB
:105870008460002DC4D1C4F38465CFE63C6824F075
:1058800000443C6084680C688668C4F3120500F12B
:105890000807C6F38466002DA5D1C4F38465B4E679
:1058A000146E104624F0004440F8604F546E0C68AB
:1058B000566EC4F3120502F16407C6F38466002D28
:1058C00084D1C4F3846597E60225B7E74FF0806082
:1058D000A8E74FF44010E5E64FF08060C2E60548C7
:1058E000E0E60225CBE600BF000084CB00010050BB
:1058F00000070050000050FE70B582B0002203681F
:1059000001929A68D20734D499682C4A114204460D
:1059100032D19A6822F0004222F03F0242F00102A6
:10592000B3F1A04F9A6047D02548264A26498342C2
:1059300018BF0A4693681B0228D4FFF755FB23685B
:105940001A68D607054614D4204E9A68D00704D4A6
:105950009A68324042F001029A60FFF745FB431B10
:10596000022B236802D91A68D10705D51A68D20715
:10597000EBD5002002B070BDE36D43F01003E3658A
:10598000236E01200343236602B070BD104B114A01
:105990001B689B09A2FB03239B09013303EB430311
:1059A0009B000193019B002BC7D0019B013B0193FE
:1059B000019B002BF9D1C0E7024ABBE73F00008002
:1059C000000100500003005000070050C0FFFF7F9F
:1059D00004000020632D3E050368B3F1A04F70B5AD
:1059E00004464FD03A483B4A3B49834218BF0A46D7
:1059F00096689D6815F0040542D194F85830012B43
:105A00003ED0012384F858302046FFF775FF002868
:105A10003AD1E36D226823F4706323F0010343F469
:105A20008073E3652A4B9A4206F01F0647D003F5C0
:105A300080639A4248D01146E36D23F48013E365F6
:105A4000E36D13F480531CBF236E23F0060323661B
:105A50001C2313608A424FF0000384F858301CD096
:105A6000092E14D9E36D43F48013E365CB689B01E1
:105A700005D5E36D23F4405343F48053E36570BDD3
:105A8000022070BD134AB3E784F8585070BD40F24D
:105A9000212323FA06F6F507E4D5D368990105D545
:105AA000E36D23F4405343F48053E365936823F09C
:105AB000004323F03F0343F00403936070BD4FF0B5
:105AC000A041002EBCD1B7E70449002EB8D1B3E7FE
:105AD0000001005000030050000700500004005077
:105AE00070B490F858200E68012A9DB056D0026814
:105AF000034600240120B2F1A04F189483F8580007
:105B000019940BD0484DAA4246D0DA6D83F858401C
:105B100042F02002DA651DB070BC704743488068CF
:105B200040070BD59268DA6D42F020020120DA6559
:105B3000002283F858201DB070BC7047906844075D
:105B4000F1D4B2F1A04F2DD0384882422AD0002E95
:105B500058D037484C68826822F46042224393F858
:105B6000384042EA443282602F4A946802F58072DB
:105B7000926822432F4CA4682243D24302F00102D0
:105B800042B184688A6824F47161164321F00F01E0
:105B90000E4386600020CBE72748C0E702201DB0F7
:105BA00070BC7047AEB125484C68826822F46042F0
:105BB000224393F8384042EA443282601B4A4FF055
:105BC000A040806892680243D2431C4802F0010260
:105BD000D6E71A498A6822F460428A604FF0A040F2
:105BE000124A8068926815490243D24302F00102CA
:105BF000002ACFD08A6822F4716222F00F020020BE
:105C00008A6095E70A4908488A680B4C22F460428A
:105C10008A608068A2680243064880680243D243D3
:105C200002F00102E4E700BF000400500001005050
:105C3000000700500006005000050050000300500F
:105C40000749CA6803024FF6FF0003F4E06302400D
:105C5000134343F0BF6343F40033CB60704700BF8E
:105C600000ED00E01C4BDB68C3F3022300B5C3F179
:105C7000070EBEF1040F03F1040C28BF4FF0040E11
:105C8000BCF1060F1BD9033B4FF0FF3C0CFA03FCA1
:105C900022EA0C024FF0FF3C0CFA0EFC21EA0C0148
:105CA0009940002841EA02010CDB00F16040090143
:105CB00000F56140C9B280F800135DF804FB0022D2
:105CC0001346E7E7054B00F00F0009010344C9B292
:105CD00019765DF804FB00BF00ED00E0FCEC00E08D
:105CE000002808DB044A4109012300F01F0003FAE1
:105CF00000F042F82100704700E100E00138B0F107
:105D0000807F0FD210B44FF0E023074C58614FF062
:105D1000F00C84F823C00022072110469A6110BCC1
:105D2000196170470120704700ED00E0704700BF27
:105D300008B5FFF7FBFF08BD704700BF002800F063
:105D400049812DE9F04190F85C30044603F0FF02F0
:105D5000002B73D02268936923F010039361FFF73F
:105D600043F9054604E0FFF73FF9401B0A285BD8DA
:105D700023689A691107F6D49A6942F001029A6180
:105D8000FFF732F9054604E0FFF72EF9401B0A2819
:105D90004AD823689A69D207F6D59A69964942F09B
:105DA00002028B429A6100F01081227C012A9A69DA
:105DB0000CBF22F0400242F040029A61627C012A4C
:105DC0009A690CBF42F4804222F480429A61A27C1C
:105DD000012A9A690CBF22F4805242F480529A61DF
:105DE0009A69A068E16822F4407202439A619A6954
:105DF00022F0A4029A611A69012922F010021A61A4
:105E000021D021B302299A6900F0F18042F080028A
:105E10009A611A69032942F010021A6117D19A692E
:105E200042F020029A6112E0236E032243F0010344
:105E3000236684F85C200120BDE8F08180F85D20B5
:105E4000FFF77AFF86E79A6942F004029A61D4E983
:105E50000612013A0139120242EA4162216A01390D
:105E60000A436169013942EA0142B0F5407FDA61D3
:105E70000ED1D4E90B02A16A013A013812010139AD
:105E800042EA00220A43616A013942EA0142DA60C9
:105E9000D3F8C020E06B594902438B42C3F8C020BD
:105EA00000F09A80564A574D574E584F01F5806181
:105EB0008B4218BF154601F57D51A2F1180201F180
:105EC000100118BF1646A2F1D80214BF17468E461D
:105ED000A2F1D802A1F1400114BF96468846A2F172
:105EE000400201F5387114BF90468C4602F53872B5
:105EF000A1F5547118BF9446A2F5547208BF0A4622
:105F0000D3F88000616B226420F4F81040EA01416C
:105F1000C3F88010D3F88010C4F84480D4F83880D7
:105F200021F070610CF1FF30801A41EA0861C3F87A
:105F30008010C4E914658508511C01358C4538BFB3
:105F400001251728C4E912E7C2F380031AD98C454A
:105F50002CBF00210121A9B916460BB146F8041B3C
:105F6000ED1A02EB83036A0803EBC2020020002152
:105F7000E3E802019342FBD125F001039D4206EBC9
:105F800083021AD01146002341F8043B8C4514D9F2
:105F900002F108018C4553600FD902F10C018C45C8
:105FA00093600AD902F110018C45D36005D902F142
:105FB00014018C45136188BF5361002001232066C2
:105FC00084F85C30A065BDE8F081114A6168C2F8D0
:105FD0000015EAE6012070470E4D0F4E0F4FDFF817
:105FE00040E0DFF84080DFF840C0104A88E742F028
:105FF00020029A612BE700BF006400400068004067
:1060000078A6004018AD004000AD004028AC00402C
:1060100000600040C8A90040B0A90040D8A80040D6
:1060200000A80040C0A70040A0AA004050A7004020
:10603000704700BF002848D010B590F85C30022BA4
:10604000044630D103689A6942F001029A619A6964
:10605000D0073CD49A69D10739D49A69D20736D48B
:106060009A69D00733D49A69D10730D49A69D20794
:106070002DD49A69D0072AD49A69D10727D49A696E
:10608000D20724D49A69D00721D49A69D1071ED4A3
:106090009A69D2071BD4226E032142F001022266C4
:1060A00084F85C1004E0026E036842F008020266A5
:1060B000DA6D22F003022046DA65FFF7B9FF00230C
:1060C000236684F85C30184610BD012070479A6939
:1060D00022F010029A619A69100720D59A69110777
:1060E0001DD59A6912071AD59A69100717D59A69AA
:1060F000110714D59A69120711D59A6910070ED5A0
:106100009A6911070BD59A69120708D59A69100781
:1061100005D59A69110702D59A691207BBD49A6905
:10612000002042F0020201219A61A06584F85C100F
:10613000BEE700BF90F85C20013A012A034605D96A
:10614000026E42F0020201201A667047086830B4FD
:1061500078B9D1E90242D20642EA84721C6C4B69DA
:106160004D6813430A6943EA024344F8253030BCC2
:106170007047586C8A684B694C6843EA8273D1E96E
:10618000035200EBC40C42EA457240F83420002070
:1061900030BCCCF804307047844690F85C0001288D
:1061A00007D0DCF8603043F004030120CCF8603005
:1061B000704710B40198DCF8004040EA4303D4F87B
:1061C000800043EA820242EA011120F03F031943B2
:1061D000C4F88010002010BC704700BF90F85C200D
:1061E000012A034605D0026E42F0040201201A661D
:1061F00070470268136A23F4702319430020116268
:10620000704700BF90F85C20012A034605D0026E5B
:1062100042F0040201201A6670470268136A23F0F4
:106220000303194300201162704700BF034690F832
:106230005C00012805D01A6E42F0040201201A66A3
:1062400070471B6842EA01229A640020704700BF31
:1062500090F85C20012A034605D0026E42F0040249
:1062600001201A6670470268D36843F400030020D7
:10627000D360704790F85C20012A034605D0026E77
:1062800042F0040201201A6670470268D36823F4C2
:1062900000030020D360704790F85C20012A034679
:1062A00005D0026E42F0040201201A6670470068B1
:1062B000022283F85C208269002122F001028261BF
:1062C00008461966704700BF90F85C30022B024602
:1062D00031D10368996941F0010199619969C80751
:1062E0002FD49969C9072CD49969C80729D4996909
:1062F000C90726D49969C80723D49969C90720D446
:106300009969C8071DD49969C9071AD49969C8073A
:1063100017D49969C90714D49969C80711D4996920
:10632000C9070ED4136E032143F001031366012045
:1063300082F85C107047036E43F008030120136677
:106340007047996921F0100199619969080720D572
:10635000996909071DD5996908071AD59969090727
:1063600017D59969080714D59969090711D599694D
:1063700008070ED5996909070BD59969080708D54B
:106380009969090705D59969080702D59969090727
:10639000C8D49969002041F002014FF0010C9961C5
:1063A000906582F85CC07047F0B590F85C30022BC5
:1063B00086460CD10568D5F8C43013F4001C0DD006
:1063C000036E43F400730120CEF86030F0BD036E1D
:1063D00043F008030120CEF86030F0BDD5F8C4606A
:1063E0004B68C6F30146002B3BD18B680F691F43F6
:1063F0000B6847EA8347D1E906034C690343086AFF
:106400002343CC6843EA006343EA0443DEF85400C4
:1064100006EBC60440F8347000EBC400154C436032
:10642000CB68E35CA3B19378D7781B0443EA076396
:1064300017783B43577843EA072300EB0C070CF12E
:10644000040CBB60CB68E35C9C4502F10402EAD318
:10645000012303FA06F6C5F8CC600020CEF8586098
:10646000F0BD0B690F681F438B681F4347F08047DF
:10647000C1E700BF2CB1000890F85C20022A034657
:1064800005D0026E42F0080201201A6670470368C8
:106490000020C3F8D0107047F0B5044690F85C00B7
:1064A00002280CD1402925680FD0D5F8980007079D
:1064B0006ED1236E43F4807301202366F0BD236EFA
:1064C00043F0080301202366F0BDD5F890000707CC
:1064D000EFD0D5F89060C6F30060F60148BFD5F85C
:1064E0008000D5F8907048BFC0F34020C7F3012763
:1064F0000744A06C07EBC70600EBC600066806F071
:1065000080465660002E5ED10668C6F38A46166045
:10651000066806F000569660066806F000461661AA
:106520008688D661B0F806C00CF00F0CC2F80CC01B
:10653000466806F480165661466806F400169661B1
:10654000C67906F07F061662214E16F80CE0D0F8E8
:1065500004C04FEADC7CC2F824C0BEF1000F0FD0AB
:1065600003F1FF3E00F1070C63461CF8015F0EF8D3
:10657000015FD568063B755D1B1A9D42F4D82568FE
:1065800040290CBFC5F89470C5F89C700020F0BD80
:10659000D5F89860C6F30060F60148BFD5F88000D2
:1065A000D5F8987048BFC0F30020C7F3012707440F
:1065B000E06C07EBC70600EBC600066806F08046F5
:1065C0005660002EA0D0066826F060469FE700BF08
:1065D0002CB1000890F85C20022A03460CD130B49C
:1065E0000468D4F8E42052070CD1026E42F48072A1
:1065F000012030BC1A667047026E42F0080201208A
:106600001A667047D4F8E420006DC2F3012300EB52
:10661000C30250F8335005F080454D603DB350F84B
:10662000335025F060450D6050F8335005F00055AB
:106630008D6050F8330000F0004008619088C86118
:10664000D08800F00F00C860506800F480104861E6
:10665000506800F400108861506800F440004862FF
:10666000D2790A620020C4F8E83030BC704750F894
:106670003350C5F38A45D6E703685B6C10B4C3F3A7
:10668000022203F00704C1E9004203F01804C3F337
:106690004012C1E90242C3F38014C3F3C012C1E93E
:1066A0000442C3F3C024C3F30032C1E90642C3F37A
:1066B0004034C3F38032C3F30643C1E908420020EB
:1066C00010BC8B62704700BF03681B6C10B4C3F32F
:1066D0000622DCB2C1E90042C3F3C032C3F3074370
:1066E0000020C1E9022310BC704700BF0368D3F843
:1066F000C40000F007007047034690F85C000138C2
:10670000012805D91A6E42F0020201201A6670476C
:10671000012A1A68936D0CBF23EA01011943002076
:1067200091657047034690F85C000138012805D94F
:106730001A6E42F0020201201A6670471B6830B4DC
:1067400011F00705986D3DD0C4073BD4DC6D44F0D3
:106750000104DC65CDB1C50717D5D86D40F0020046
:10676000D8650C0604D5D3F8DC001043C3F8DC0070
:10677000C80504D5D3F8E0000243C3F8E0205A6D01
:106780001143002030BC5965704711F0380F01D01B
:106790008407E2D411F4E07F31D111F4F05F01D02D
:1067A0000407DAD411F4604F01D0C506D5D411F432
:1067B000403F01D08406D0D411F47C0FD1D04506DF
:1067C000CFD5CAE711F0380F01D08407BED511F438
:1067D000E07F17D111F4F05F01D00407B6D511F4B2
:1067E000604F01D0C406B1D511F4403F01D08406FA
:1067F000ACD511F47C0FADD04406ABD4A6E7450769
:10680000ABD4CAE74407A1D5E4E700BF704700BF97
:10681000704700BF704700BF704700BF704700BFA0
:10682000704700BF704700BF704700BF704700BF90
:10683000704700BF2DE9F84F03681A6D596D02EAE1
:10684000010A1A6D596D02EA01091A6D596D1E6D22
:1068500002EA01085A6D1F6D16405A6DD3F854B004
:106860001D6D1740690604460AF4E05A09F007094D
:1068700008F0380806F4710607F4602702D51BF00B
:10688000400F72D1EA0502D51BF4807F5DD1BAF1C9
:10689000000F4AD1B9F1000F35D1B8F1000F3CD14A
:1068A000AB0502D51BF4007F74D1280602D51BF07E
:1068B000800F77D1A90402D51BF4005F5AD12A04B6
:1068C00002D51BF4004F5DD16B040AD51BF4804F39
:1068D00007D023684FF480421A65236E43F080038B
:1068E00023664FB926B123681E65236E1E432666B4
:1068F000236E2BBBBDE8F88F236839461F65204601
:10690000FFF796FFEEE723684946C3F8509020460C
:10691000FFF77EFFB8F1000FC2D023684146C3F8ED
:1069200050802046FFF776FFBAE723685146C3F848
:1069300050A02046FFF76AFFB9F1000FADD0E2E7A3
:106940002046FFF773FFBDE8F88F2368D3F8D8100F
:10695000D3F8E0204FF48070186511402046FFF70F
:106960005FFFBAF1000F95D0DFE740221A65FFF70D
:106970005BFF87E723684FF400521A652046FAF759
:1069800023F89CE723684FF400421A652046FFF77E
:1069900049FF99E723684FF400721A652046FFF714
:1069A0003BFF82E72368D3F8D410D3F8DC208020A3
:1069B000186511402046FFF731FF7BE72DE9F047CE
:1069C000DFF864819A4698F80030012B5ED00123ED
:1069D00081460E46174688F80030FEF705FB534DFA
:1069E000044606E0FEF700FBA0EB040CBCF57A7F42
:1069F00045D82B69D803F5D42C694CF2FA331C40E6
:106A000056D12B69494AD90744BF01232B61002382
:106A1000C8F80430136813F480631FBF136823F4AD
:106A200080631360022388F81C30B9F1000F31D065
:106A300009F1FF33012B43D9FEF7D6FA3B4E054649
:106A400005E0FEF7D1FA401BB0F57A7F2ED8336906
:106A5000DB03F6D433694CF2FA32134053D1376971
:106A600017F0010702D0012232611F4624B12F4ADC
:106A7000536923EA0404546100F098FC00E0032702
:106A8000002388F800303846BDE8F08702273846F2
:106A9000BDE8F087254A536943F00103536137602D
:106AA000BFF36F8F0124C6F804A0C5E70327DDE715
:106AB000D8F804302343C8F8043001272C61DFE7FD
:106AC0001A494A6942F480223B464A61EFF3108535
:106AD00072B646EA070252071DD13A1DB2421AD0D9
:106AE00007F58077F61AD3E90001F2180833BB42A4
:106AF000C2E90001F7D185F31088B9F1020F08BF90
:106B00004FF4802498E7D8F804201A43C8F80420EA
:106B100001273361AAE7F61B07F580771A689A51B7
:106B200004339F42FAD1E6E7E4010020002002404E
:106B3000064B5A69002A01DB002070470449054AC8
:106B400099609A605869C00F704700BF00200240EA
:106B500023016745AB89EFCD044B5A6942F00042EF
:106B60005A615869C043C00F704700BF00200240FF
:106B7000064B586910F0804006D00549054AD96097
:106B8000DA605869C0F38070704700BF002002408F
:106B90003B2A19087F6E5D4C054B5A6942F08042D2
:106BA0005A61586980F08040C0F38070704700BF20
:106BB0000020024070B50546FEF716FA104E044656
:106BC00004E0FEF711FA001BA8420FD83369DB037B
:106BD000F7D433694CF2FA32134009D1306910F01E
:106BE000010002D001223261184670BD032070BD41
:106BF00004494A681A434A600120336170BD00BFEE
:106C000000200240E40100202DE9F047674F3B7867
:106C1000012B61D0824601244FF47A7088463C7083
:106C2000FFF7C8FF064620B100233B703046BDE8A1
:106C3000F0875F4B78601A6812F4007F1A684FD1B2
:106C4000540540F185801A6822F480621A6002239C
:106C50003B77DAF80030012B7CD04FF0FF33C8F8D7
:106C60000030DAE902532B449D4245D2504CDFF804
:106C7000449122E0636923F4006363616269EB007D
:106C800022F47E7203F4FF6313436361636943F08C
:106C900002036361636943F4803363614FF47A7084
:106CA000FFF788FF636903EA0903636108BBDAE958
:106CB000023201351344AB421ED9236A5B02D9D597
:106CC000DAF8043013F0010F636914BF23F4006392
:106CD00043F400636361D1E702263046BDE8F087E4
:106CE000550533D51A6822F480621A6003233B7776
:106CF000AFE7C8F8005006463B7F03F0FD02012ACB
:106D0000DBB210D12A4A116821F4007111601168B8
:106D100041F400611160116821F400611160116893
:106D200041F400711160023B012B0CD8204B1A6812
:106D300042F480521A601A6822F480521A601A686B
:106D400042F480621A6000233B776DE73C7780E76E
:106D500038777EE7164B1A6A50020FD5DAF804200E
:106D6000D10703D5596941F00401596192070BD548
:106D70000F4A536943F40043536105E05A6942F4F2
:106D8000004242F004025A61094C636943F48033C3
:106D900063614FF47A70FFF70DFF636923F40043DA
:106DA00023F0040306466361A6E700BFE401002068
:106DB0000020024005FCFFFF2DE9F843B34E337875
:106DC000012B00F09781012535700368002213EA3A
:106DD00005070446726040F002819A0700F1F580D1
:106DE0005D0762D418070AD49A0600F12181DB06F8
:106DF00000F11581002333703846BDE8F883D4E9EB
:106E000008584545F0D04FF47A70D4F81C90FFF73D
:106E1000D1FE002840F037819D4B1B6813F4807F22
:106E20009C4BB3F8E0204FF6FF7340F07A819A4212
:106E300000F08D81984BD3F8E025984B03EA42236C
:106E400003F100624FF000639548016A490200F1C6
:106E5000828109F00303012B00F09B81022B0ED1EC
:106E6000426C904905F178450A4042EA15124264A5
:106E7000836C08F178480B4043EA18138364884A0E
:106E8000936A09F0004923F0004343EA090393623F
:106E9000536943F4003353614FF47A70FFF78AFE6D
:106EA00023680028A0D001279EE74FF47A70D4E928
:106EB0000558FFF77FFE002840F0DF8015F0010342
:106EC00000F01C8108F4E0634FF4B8514FF4E06225
:106ED000A80703D50A4608F480510B43690704D577
:106EE00008F4005142F400520B43E80404D508F4BE
:106EF000804142F480420B43290704D508F48031D5
:106F000042F480320B43E80604D508F4003142F421
:106F100000320B43A90604D508F4802142F48022F4
:106F20000B43680604D508F4002142F400220B4309
:106F3000290604D508F4801142F480120B43A805F9
:106F400004D508F4000142F400020B43690504D59E
:106F500008F0807142F080720B43280504D508F0D8
:106F6000007142F000720B43A90404D508F080615F
:106F700042F080620B43680404D508F0006142F0DF
:106F800000620B43290404D508F0405142F04052FE
:106F90000B43ED0305D508F0804843EA080342F0AF
:106FA00080423F4D296A21EA020213432B626B693A
:106FB00043F400336B614FF47A70FFF7FBFD2368F5
:106FC00000283FF40FAF01270CE74FF47A702569D2
:106FD000FFF7F0FD002879D02368012700E7D0E90A
:106FE00001874FF47A70D4F80C90FFF7E3FD002886
:106FF00040D1B8F1000F40F08580294B47EA09479E
:10700000DF62274A536943F4003353614FF47A70C7
:10701000FFF7D0FD071E236818BF0127DDE64FF4F8
:107020007A70A46AFFF7C6FD00283DD00127E1E68B
:107030004FF47A70D4E90B58FFF7BCFD00BB012D6B
:1070400000F09F80022D06D1154A536F23F0FF03F5
:1070500043EA08035367124A536943F40033536108
:107060004FF47A70FFF7A6FD236800283FF4BFAE07
:107070000127BCE623682F46AFE623680127B1E667
:1070800023680127B3E623680127ADE6E401002069
:10709000000001400075FF1F0070FF1F00FEFF0190
:1070A000002002400080FFFF4C4A136F23F480331E
:1070B00023431367536943F400334FF47A705361E9
:1070C000FFF778FD00283FF495AEAFE7434A136A17
:1070D00023F0FF032B431362536943F400335361DE
:1070E0004FF47A70FFF766FD236800283FF478AE0E
:1070F000012775E602273846BDE8F8831A464FF4A3
:107100008051E5E6B8F1010F18D0B8F1020F60D058
:10711000B8F1040F7FF475AF304B47EA09471F659C
:107120006FE79A420FD02E4BD3F8E0252D4B03EAA0
:10713000422303F100634FF0006285E6274B47EAE4
:1071400009471F635DE7284B4FF000627CE6264A43
:107150004FF0006378E609F00301012929D00229E4
:107160007FF48DAE2149AD1AA8EB0203426C0A40B0
:1071700042EAD5054564826C0A4042EAD30383643F
:107180007DE6164A136F23F0FF0343EA08031367F3
:1071900061E7416A154B05F17845194041EA15153B
:1071A0004562826A08F178481A4042EA18128262FF
:1071B00065E6426A0D49ED1A0A4042EAD505456284
:1071C000826AA8EB030302EA010848EAD303836258
:1071D00055E6024B47EA0947DF6412E70020024008
:1071E0000070FF1F00FEFF01000004080080FFFF89
:1071F0004368022B70B436D9042B29D00622634B86
:107200001B6ADBB2AA2B02D0CC2B18BFBB235F4971
:1072100003610B6AC1694C1E23F0FF03012C8361DB
:107220002FD942F01003594C0360236FC16A03F455
:10723000803383624B1E012B08D842F0300202607B
:1072400001290CBF236F636FDBB2036370BC70470F
:107250004E490B6D03F07F0383600B6DC3F3064350
:107260000722C360CBE7072248490260002B3BD1CD
:10727000CB6A03F07F038360CB6AC3F30643C3602A
:10728000BDE7434B434C42F0080202601B68B4F870
:10729000E04013F4807F4FF6FF7330D09C4252D011
:1072A0003D4B3E4CD3F8E03504EA432404F100643E
:1072B0004FF00065354B1E6A760236D4012956D050
:1072C0005D6C374C04EA051505F1006505629B6CA1
:1072D00004EA031404F1006444622C4B9B6A03F03B
:1072E00000431943C1619CE7012B15D0CB6C03F01F
:1072F0007F038360CB6CC3F30643C3607FE79C428C
:1073000031D0254B254DD3F8E03505EA432505F16D
:1073100000654FF00064CDE70B6B03F07F038360E3
:107320000B6BC3F30643C36069E701290FD05E6CA2
:107330001C4C04EAC6062E4406629B6C04EAC30495
:1073400025444562C9E7184C4FF00065B2E75E6A14
:10735000144D05EAC606264406629B6A05EAC30583
:107360002C444462B9E7104D4FF00064A2E75D6A17
:107370000B4C04EA051505F1006505629B6A04EAF9
:10738000031404F100644462A7E700BF0020024038
:10739000000001400075FF1F0070FF1F00FEFF018D
:1073A000F0FF0700F8FF03000000040815490B7FF9
:1073B00003F0FD02012ADBB210D1134A106820F459
:1073C00000701060106840F400601060106820F4D5
:1073D00000601060106840F400701060023B012BE8
:1073E0000CD8094B1A6842F480521A601A6822F4C9
:1073F00080521A601A6842F480621A6000230B7788
:10740000704700BFE4010020002002402DE9F04F4A
:107410000C6885B0002C00F083804FF0000CDFF882
:10742000C0A163464FF0010B89460BFA03F515EA3C
:1074300004086FD0D9F8047007F00302511E012927
:1074400071D9032A40F0B08002FA0CF2D1430568EA
:1074500029400A4317F4403F02605BD0DAF860200D
:1074600042F00102CAF86020DAF8602002F001025E
:107470000392039A23F0030202F1804202F5803264
:1074800003F003059168AD000F2606FA05FEB0F182
:10749000904F21EA0E0119D0524EB04200F08F8079
:1074A000514EB04200F08F80504EB04200F08180CB
:1074B0004F4EB04200F08D804E4EB0420CBF4FF0A8
:1074C000050E4FF0060E0EFA05F5294391604A4A63
:1074D000494992686FEA0805FE0254BF2A4048EA0B
:1074E00002028A60CA68B902434954BF2A4048EA86
:1074F0000202CA604968404ABE0354BF294048EAB4
:10750000010151601268F9033B4954BF2A4048EA1F
:1075100002020A60013334FA03F20CF1020C84D146
:1075200005B0BDE8F08F8168D9F80C604FF0030E0C
:107530000EFA0CFE21EA0E0106FA0CF631438160C8
:107540006FEA0E01D0F804E02EEA050EC7F300152D
:107550009D4045EA0E054560C56805EA010ED9F86B
:10756000085005FA0CF545EA0E05022AC56002FA34
:107570000CF27FF46CAFDD0800EB850603F0070E1C
:10758000356A0095D9F810504FEA8E0E05FA0EF5BF
:1075900001950F2505FA0EFE009D25EA0E0E019DB0
:1075A00045EA0E05356252E7032101FA0CF1C943A1
:1075B000D2E74FF0030E0EFA05F5294386E70BFAE2
:1075C00005F5294382E74FF0020E0EFA05F529432F
:1075D0007CE74FF0040E0EFA05F5294376E700BF6D
:1075E000001002400004004800080048000C004859
:1075F0000010004800140048000401400AB18161F5
:1076000070478162704700BF002800F0D78038B50E
:1076100090F89132044603F0FF02002B00F0C9807D
:107620000323206884F8913202F0BEF92279002AFF
:1076300000F0AE8000234FF48071012AC4E90833C2
:107640002182E374A36200F0C08040F20111022A9B
:10765000C4E91233218784F83B30236544D04FF4CA
:107660008171032AC4E91C33A4F8601084F86330E4
:10767000A36739D040F20311042AC4E92633A4F8E1
:10768000881084F88B30C4F8A0302DD04FF482716C
:10769000052AC4E93033A4F8B01084F8B330C4F834
:1076A000C83021D040F20511062AC4E93A33A4F8C3
:1076B000D81084F8DB30C4F8F03015D04FF4837163
:1076C000072AC4E94433A4F8001184F80331C4F84C
:1076D000183109D0C4E94E3340F20711A4F828113B
:1076E00084F82B31C4F8403100230121022AC4E977
:1076F0005833C4E96233A4F8503184F85331C4F8E4
:107700006831A4F8781184F87B31C4F890313FD007
:107710000221032AC4E96C33A4F8A01184F8A33130
:10772000C4F8B83134D00321042AC4E97633A4F86C
:10773000C81184F8CB31C4F8E03129D00421052ADE
:10774000C4E98033A4F8F01184F8F331C4F80832A6
:107750001ED00521062AC4E98A33A4F8181284F839
:107760001B32C4F8303213D00621072AC4E99433FF
:10777000A4F8401284F84332C4F8583208D0C4E95F
:107780009E330722A4F8682284F86B32C4F8803252
:107790002346002553F8040B93E8060002F00EF987
:1077A000A37A25730122934284F8912208D02846B7
:1077B00038BD80F89022FBF7A1FD31E7012070472A
:1077C000204600F005FF284638BDC4E95833A4F828
:1077D000503184F85331C4F86831D9E790F89032C9
:1077E000012B0ED010B504460123006884F89032B6
:1077F00002F0D0F8206802F05FFE002084F89002CA
:1078000010BD0220704700BF2DE9F84F0446006804
:1078100002F05EFE10F400452BD1430500F1D68145
:1078200047041BD410F4005140F03182C60400F12B
:107830008680050500F12983010600F1FA828205A0
:1078400000F10984C30512D52268B2F8443023F44C
:1078500080731B041B0CA2F8443008E02268B2F8C5
:10786000443023F480431B041B0CA2F84430BDE8D1
:10787000F88F2068B0F844301F04F8D5DFF8E0A294
:1078800010E011F0100100F0BF80018811F40065D4
:107890008BB240F043811E0400F1B581B0F8443052
:1078A0001A04E4D5B0F8443013F00F0599B2E8D0CB
:1078B0002EB230F8263019041FFA83F862D418F07B
:1078C000800FEBD030F826309BB203EA0A0343F472
:1078D000004320F8263005EB850304EBC303AF001B
:1078E000DA7C012A00F0DE8118F4807C40F0B4805C
:1078F000B0F85050197C40F2024210FA85F502EBC4
:10790000C10206EB8606AA5A04EBC605C2F30902B9
:10791000AF6A97424FEAC60640F2EE81BF1AAF62E5
:10792000002F00F0EB811036A1195E6A16445E62EA
:10793000EB6A1344EB6202F065FB2068AEE7226855
:10794000B2F8403023F004031B041B0CA2F84030B3
:10795000B2F8403023F008031B041B0CA2F840309F
:1079600094F8C832012B00F084832046FBF72EFDEB
:107970002268B2F8443023F480531B041B0CA2F895
:10798000443074E730F8262040F68F73134043F0FC
:10799000800305EB850120F8263004EBC101AF0020
:1079A00091F85C31002B40F0DD80B0F8503000F2EF
:1079B000064212FA83F391F8502133F83290C9F35A
:1079C0000909B9F1000F40F0BC817B1904EBC30336
:1079D000D3F86C214A44C3F86C21D3F864214A449B
:1079E000C3F86421D3F8682122B1D3F860314B4544
:1079F00040F289812F4404EBC707204697F85011C5
:107A0000FBF7AAFC20685AE703889BB203EA0A0343
:107A100043F400430380B0F85030227C10FA83F026
:107A200040F2024303EBC203626AC35AC3F3090381
:107A3000E362134463622046FBF79AFC237B002B2E
:107A40006AD0A36A002B67D1227B206842F08002B3
:107A5000A0F84C20237321E7197CB0F8503006EBD6
:107A600086064FEAC10C18F0400204EBC6061CFA69
:107A700083F300F06E8100F20249B26A33F80930F4
:107A8000C3F309039A420FFA81FE00F255820023E4
:107A9000B3627B1904EBC3035B7C002B40F0B4831F
:107AA000B0F8503019FA83F90CF2064239F83E303A
:107AB000C3F3090329F83E3039F83E309BB243F452
:107AC000004329F83E30B0F8503002449BB2D65AF9
:107AD000C6F30906D652D65AB6B246F40046D65276
:107AE0007B1904EBC303DB7C022B0ED130F82E3064
:107AF0009BB223F4E04323F0400383F0200343F4DC
:107B0000004343F0800320F82E302046FBF730FC82
:107B100018F4804F40F06E812068BFE6B0F8502026
:107B200094F8501140F2064310FA82F203EBC103BD
:107B300004F52671D35AB4F85621C3F30903C4F8E7
:107B40006C3102F0D9FC2268118840F68F730B402B
:107B500043F0800320461380FBF7F2FB20689DE68C
:107B60000F8FFFFF91F85331022B00F0A98191F89C
:107B7000502130F8223023F4E04323F070031B043B
:107B80001B0C43F4004343F0C00320F8223091F86B
:107B900050311AB230F8222012F4804FB0F8502041
:107BA00000F0BB8000F2024C1CFA82F232F83390F3
:107BB000C9F30909B9F1000F3FF407AFB1F8582133
:107BC000D1F864114B4602F097FCFEE62268B2F849
:107BD000443023F480631B041B0CA2F8443020467D
:107BE000FBF7D4FB94F89032012B3FF440AE012315
:107BF000206884F890322573294602F057FC84F8F7
:107C00009052BDE8F88F028840F68F73134043F01E
:107C100080030380B0F8502094F8501140F20643DE
:107C200010FA82F203EBC103D35AC3F30903C4F879
:107C30006C3193B1D4F8641179B1B4F8562102F0E3
:107C40005BFCD4F86431D4F86C21134420462946F7
:107C5000C4F86431FBF780FB206803881D059AB2E5
:107C60003FF51CAE02F44052B2F5405F3FF416AE51
:107C7000038823F4804323F070031B041B0C83F45C
:107C8000405343F4004343F08003038006E6226838
:107C9000B2F8443023F400531B041B0CA2F8443008
:107CA000BDE8F88F6A1C02EB8202002144F8321012
:107CB0001A7FC2B118F040085A7C40F0AF80002A09
:107CC00040F0EA811B7CB0F8502000EBC30303F2C4
:107CD000064392B2995AC1F309019952995A89B24D
:107CE00041F4004199527B1904EBC3032046197CEF
:107CF000FBF73EFB2068D1E5C5F828C02046FBF71E
:107D000037FB2068CAE5282101FB0541206801F501
:107D1000A87102F077F92068D1E500F2064C1CFA50
:107D200082F232F83390C9F30909B9F1000F3FF438
:107D30004CAEB1F85A21D1F864114B4602F0DCFB8D
:107D400043E6B1F85621D1F864114B4602F0D4FB5A
:107D50003BE600F20649D6F828B033F80930C3F301
:107D600009039B450FFA81FE80F01981B2627B19ED
:107D700004EBC3035B7C002B40F03482B0F850303E
:107D80000CF202429BB20244D65AC6F30906D652FE
:107D9000D65AB6B246F40046D652B0F8503019FA68
:107DA00083F939F83E30C3F3090329F83E3039F836
:107DB0003E309BB243F4004329F83E307B1904EB7C
:107DC000C303DB7C022B0ED130F82E309BB223F4A0
:107DD000E04323F0400383F0200343F4004343F0E7
:107DE000800320F82E302046FBF7C2FA18F4804FAB
:107DF0007FF492AE7B1904EBC30320681A7C30F841
:107E0000223023F4E04323F070031B041B0C43F4E3
:107E1000404343F0800320F822303FE5002A40F041
:107E20002E811B7CB0F8502000EBC30303F2024309
:107E30004FE72268B2F8443023F080031B041B0C88
:107E4000A2F8443094F8C832002B40F00081B2F818
:107E500040309BB243F00403A2F84030B2F8403007
:107E60009BB243F008030121A2F8403084F8C81205
:107E7000B2F85430C3F38D0303F03C03C4F8CC32A2
:107E80002046BDE8F84F00F0BBBB2268B2F8403096
:107E90009BB243F00803A2F84030B2F8443023F418
:107EA00000631B041B0CA2F84430B2F840309BB2B4
:107EB00043F004032046A2F84030FBF76FFAD6E403
:107EC00018F48042B0F8503000F0F48000F2024222
:107ED00012FA83F391F850C1D1F8682133F83C309D
:107EE000C3F309039A429946C0F06681D21AC1F8D9
:107EF0006821002A00F0638118F0400F0FD00FFABC
:107F00008CFC30F82C2022F4E04222F070021204A3
:107F1000120C42F4004242F0C00220F82C200BB9AF
:107F2000994652E5791904EBC101B1F85821D1F80D
:107F3000641102F0E1FA48E5D21AB262002A3FF475
:107F4000A8AD18F4804F0DD030F82E2022F4E04276
:107F500022F070021204120C42F4404242F08002FD
:107F600020F82E2007EB050804EBC80898F8342009
:107F7000012A00F0D4807B1904EBC3031A7C30F88B
:107F800022309BB223F4E04323F0400383F030031C
:107F900043F4004343F0800320F822307EE4ABEB4F
:107FA0000302B262002A3FF4E2AE18F4804F0DD112
:107FB00030F82E2022F4E04222F070021204120C5B
:107FC00042F4404242F0800220F82E2007EB0508E0
:107FD00004EBC80898F83420012ACCD1D8F8242022
:107FE000D118C8F82410F26A1A44F262D8F8306046
:107FF000D8F820209642C0F03581B61AC8F8306013
:1080000093B27E1904EBC60696F811B0BBF1000FCF
:1080100040F01D81B0F8506019FA86F9CC4439F867
:108020003E60C6F3090629F83E60002A40F05C81F4
:1080300039F83E2092B242F4004229F83E207A19E3
:1080400004EBC202528B02F047FA206893E7204605
:10805000FBF7A4F90BE42268B2F8443023F4007370
:108060001B041B0C2046A2F84430FBF78DF9FFF7E8
:10807000FEBB84F8C812204600F0C2FA75E4012A5B
:108080007FF431AE1B7CB0F8502000EBC30303F249
:10809000024392B2995226E6012A7FF424AE1B7C59
:1080A000B0F8502000EBC30303F2064392B223F86A
:1080B000028018E600F2064C1CFA83F391F850C1D6
:1080C000D1F868E133F83C30C3F309039E45994683
:1080D0005DD3AEEB0302C1F86821002A59D018F035
:1080E000400F0FD10FFA8CFC30F82C2022F4E04224
:1080F00022F070021204120C42F4004242F0C0025C
:1081000020F82C20002B3FF40BAF791904EBC101B0
:10811000B1F85A21D1F8641102F0EEF955E4D8F81B
:108120002420D118C8F82410F26A1A44F262D8F850
:108130003060D8F820209642C0F08380B61AC8F884
:10814000306093B27E1904EBC60696F811B0BBF10D
:10815000000F6CD1B0F8506019FA86F9CC4439F8A8
:108160003E60C6F3090629F83E60002A40F096807A
:1081700039F83E2092B242F4004229F83E207A19A2
:1081800004EBC202128B02F0A7F92068F3E6C1F8F3
:1081900068210FFA8CF130F8212022F4804222F07D
:1081A00070021204120C82F4005242F4004242F0B7
:1081B000800220F8212092E70022C1F868210FFAFE
:1081C0008CF130F8212022F4804222F07002120457
:1081D000120C82F4005242F4004242F0800220F875
:1081E000212089E6012B7FF4E9ADB0F850300CF284
:1081F00002429BB202440026D652B0F8503019FA1F
:1082000083F929F83E60D9E5012B7FF469ACB0F819
:10821000503019FA83F9002629F83E60B0F8503042
:108220000CF2064202449BB2D65259E4B3B2BBF1FF
:10823000010FA4D1B0F8502019FA82F929F83E3084
:108240009DE7A6B988F834601A467BE7B3B2BBF164
:10825000010F7FF4F4AEB0F8502019FA82F929F832
:108260003E30ECE64EBB88F834601A46C9E698F812
:1082700011B0002388F83430C8F83030BBF1000F5B
:10828000D4D1B0F8503019FA83F9CC4439F83E30E3
:10829000C3F3090329F83E303246B3B23E2A32D83E
:1082A0005608D207BCF8002048BF013692B242EA15
:1082B000862292B2ACF8002061E798F811B0002352
:1082C000C8F8303088F83430BBF1000FBED1B0F8B8
:1082D000503019FA83F9CC4439F83E30C3F309031E
:1082E00029F83E303246B3B23E2A1ED85608D2078D
:1082F000BCF8002048BF013692B242EA862292B210
:10830000ACF800209BE65609D206BCF8002008BF56
:1083100006F1FF3692B242EA86226FEA42426FEAE3
:10832000524292B2ACF8002029E75609D206BCF8B6
:10833000002008BF06F1FF3692B242EA86226FEAB9
:1083400042426FEA524292B2ACF8002077E600BF98
:1083500090F89022012A0CD010B504460122006842
:1083600084F89022217302F0A1F8002084F8900292
:1083700010BD0220704700BF01F0070C11F0800F04
:108380004FF0280110B501FB0C01044620D10CEB85
:108390008C0E00EBCE0E002001F5A8718EF8510175
:1083A000022BCB70C2F30A0204BF00230B7181F8C9
:1083B00000C00A6194F89032012B13D00123206889
:1083C00084F8903201F00EFB002084F8900210BD7A
:1083D0000CEB8C0004EBC0004FF0010E103180F864
:1083E00011E0DDE7022010BD01F0070303EB83027B
:1083F00011F0800F4FF0280110B500EBC2020446C7
:1084000001FB030113D101F5A871002082F851018D
:108410000B7094F89032012B11D00123206884F85E
:10842000903201F00FFD002084F8900210BD103151
:10843000012050740B7094F89032012BEDD1022082
:1084400010BD00BF10B501F0070E0EEB8E0C00EB57
:10845000CC0C2821002401FB0E01CCF8642100681B
:108460008CF850E1CCE95A348CF8514101F5A871EF
:1084700001F0C8FD204610BD10B501F0070E0EEB4F
:108480008E0100EBC10C6146CCF82830CCF83030BE
:10849000002401230068CCF8242010318CF83430FB
:1084A000CCF82C408CF811308CF810E001F0AAFDCB
:1084B000204610BD027901F007039A4232D30A0622
:1084C00010B504461BD401EB8102282000FB0141BA
:1084D00004EBC20201F5A871002082F851010122CB
:1084E0008A700B7094F89032934219D0206884F807
:1084F000902201F065FF002084F8900210BD03EB8C
:108500008302282101FB030100EBC202103101208C
:10851000507401228A700B7094F890329342E5D126
:10852000022010BD0120704738B5027901F00F0319
:108530009A422FD301F0070303EB830211F0800F5F
:108540004FF02801044600EBC20201FB030115D1E4
:1085500001F5A8710020002582F851018D700B7083
:1085600094F89032012B13D00123206884F89032C4
:1085700001F04EFF84F89052284638BD103101209A
:10858000002550748D700B7094F89032012BEBD154
:10859000022038BD012038BD11F0800F0BD001F052
:1085A000070101EB810100EBC10010305AB9C38013
:1085B00002730020704701EB810100EBC10000F560
:1085C000A870002AF3D00122836002730020704754
:1085D00002460020116810B482F8C802B1F8543085
:1085E00001249BB22343C2F8D042A1F85430B1F821
:1085F000543010BC9BB243F00203A1F854307047D2
:10860000704700BF10B4394A68B9136803F4C063F7
:10861000B3F5806FD2F8803020D023F4807310BC83
:10862000C2F880307047B0F5007F08D0136810BCE6
:1086300023F4C06343F48063002013607047136821
:1086400003F4C063B3F5806FD2F880302DD043F4CB
:108650008073002010BCC2F88030704723F4807310
:10866000C2F880301168224C224821F4C06141F4E4
:10867000007111602368322101FB03F35169A0FBF3
:1086800003039B0C480503F1010306D500E023B169
:108690005169490503F1FF33F9D4144B5B695C055B
:1086A00054BF0020032010BC704743F48073C2F80D
:1086B000803011680E4C0F4821F4C06141F4007104
:1086C00011602368322101FB03F35169A0FB03030E
:1086D0009B0C480503F10103DFD501E0002BDCD042
:1086E0005169490503F1FF33D7D5F7E70070004022
:1086F0000400002083DE1B4370B52B4CFCF774FC98
:10870000236843F480730546236004E0FCF76CFCA7
:10871000401B022825D823685B05F7D56368224EE5
:1087200043F080436360FCF75FFC0123A3600546D0
:1087300041F2883404E0FCF757FC401BA04210D8FB
:10874000B36803F00C03042BF5D11849184B194AF0
:1087500008681A60FCF7FEFB044628B10124204695
:1087600070BD0324204670BD4FF4807333603360C6
:10877000FCF73AFC0C4E054604E0FCF735FC431BC5
:10878000022BEED8336813F00073F6D14FF480510A
:108790004FF0FF32F160B3613262D6F8943043F4A7
:1087A0000003C6F89430DDE700100240E00100202D
:1087B000040000200024F400002800F0FE812DE9D0
:1087C000F0410368D90782B004462DD5AE498A68C6
:1087D000C96802F00C020C2A00F00581082A00F09A
:1087E00007816368B3F5803F00F07581B3F5A02F72
:1087F00000F0D681A44D2A6822F480322A602A68CB
:1088000022F480222A60002B40F06A81FCF7ECFB06
:10881000064605E0FCF7E8FB801B642800F27D813A
:108820002B689F03F6D423689E0728D5964A936841
:10883000D26803F00C030C2B00F02E81042B00F007
:108840003081E368904D002B00F058812B6843F491
:1088500080732B60FCF7C8FB064605E0FCF7C4FB01
:10886000801B022800F259812B685805F6D56B68E9
:10887000226923F0FE4343EA02636B6023681A0710
:1088800019D56369804D002B00F09880D5F894309D
:1088900043F00103C5F89430FCF7A6FB064605E05B
:1088A000FCF7A2FB801B022800F23781D5F8943038
:1088B0009B07F5D523685E0741D5734B9A6DD500AC
:1088C00000F12F819A6D42F080529A659B6D03F002
:1088D00080530193019B01256C4E3368D80540F10C
:1088E0004E81A368012B00F01E81052B00F06781EB
:1088F000654ED6F8902022F00102C6F89020D6F8F6
:10890000902022F00402C6F89020002B40F0128143
:10891000FCF76AFB41F28838074605E0FCF764FB88
:10892000C01B404500F2F980D6F890309B07F5D483
:1089300025B1554A936D23F08053936523689D06B6
:1089400018D5A369504D002B00F00581D5F898305B
:1089500043F00103C5F89830FCF746FB064605E0F6
:10896000FCF742FB801B022800F2D780D5F8983034
:108970009807F5D5E069002800F08280424DAB6889
:1089800003F00C030C2B00F028812B68022823F045
:1089900080732B6039D0FCF727FB044605E0FCF719
:1089A00023FB001B022800F2B880286810F000703A
:1089B000F5D1EA68364B1340EB6062E0D5F89430AD
:1089C00023F00103C5F89430FCF70EFB064605E0E2
:1089D000FCF70AFB801B022800F29F80D5F8943038
:1089E0009F07F5D466E701F0030103297FF4F9AE90
:1089F000254A126892037FF517AF6268002A7FF458
:108A000013AF012002B0BDE8F081FCF7EDFA064695
:108A100004E0FCF7E9FA801B02287ED82B689A0153
:108A2000F7D4E9681B4B226A606A174E0B40134368
:108A3000D4E90A1243EA012343EAC263D4E90C12DF
:108A40000138490843EA00130139520843EA415307
:108A5000013A43EA4263EB602B6843F080732B607A
:108A6000EB6843F08073EB60FCF7BEFA044604E069
:108A7000FCF7BAFA001B02284FD833689B01F7D5E0
:108A8000002002B0BDE8F0810010024000700040FC
:108A9000FCFFEEFE0C809F0102F00302022A7FF42D
:108AA000D0AE684B1B685D0502D5E368002BA8D0EB
:108AB000644A20695368644923F0FE4343EA006333
:108AC00053600868FCF746FA00289AD123681A0711
:108AD0007FF5F1AED5E65B4A136843F4803313604B
:108AE000FCF782FA574E054604E0FCF77DFA401B7E
:108AF000642812D833689B03F7D594E62B6823F4D7
:108B000080732B60FCF770FA06462B685905DDD59B
:108B1000FCF76AFA801B0228F7D9032002B0BDE8EF
:108B2000F0810025D8E6474AD2F8903043F001039F
:108B3000C2F89030FCF758FA424F064641F28838A6
:108B400004E0FCF751FA801B4045E6D8D7F8903096
:108B50009A07F6D5ECE6D5F8983023F00103C5F86E
:108B60009830FCF741FA064604E0FCF73DFA801B1A
:108B70000228D2D8D5F898309907F6D4FAE63368A7
:108B800043F480733360FCF72FFA07463368D90546
:108B90003FF5A7AEFCF728FAC01B0228F6D9BCE7C0
:108BA00003F18043A3F53C331A6842F480221A6033
:108BB0001A6842F480321A6092E701207047214B14
:108BC000D3F8902042F00402C3F89020D3F890200C
:108BD00042F00102C3F89020ACE701283FF451AF06
:108BE000EB68226A03F0030191427FF40AAF616AE5
:108BF00003F0F0020139B2EB011F7FF402AFA16A6A
:108C000003F4FE42B2EB012F7FF4FBAEE16A03F006
:108C10007842B2EBC16F7FF4F4AE226B520803F4DA
:108C2000C001013AB1EB425F7FF4EBAE626B5208D8
:108C300003F0C063013AB3EB426F14BF0120002080
:108C40001FE700BF00100240E0010020144B9A68AB
:108C500002F00C02042A21D09A6802F00C02082AC1
:108C60001CD09A6802F00C020C2A01D00020704738
:108C7000D968D868C0F30310421CD868094BB3FB0D
:108C8000F2F2074BDB68C3F34163C0F30620013304
:108C900002FB00F05B00B0FBF3F070470148704747
:108CA000001002400024F400002800F0E9807C4A13
:108CB0002DE9F843136803F00F038B420D46044679
:108CC0000CD2136823F00F030B431360136803F0F7
:108CD0000F038B4202D00120BDE8F8832368DF0731
:108CE00063D56268032A00F09A806E4B022A1B68E3
:108CF00000F091805B05EED5FFF7A8FF6A4B984224
:108D000000F2C08062684FF00009664EB36823F03D
:108D100003031A43B260FCF767F941F2883807464B
:108D200004E0FCF761F9C01B404571D8B368626884
:108D300003F00C03B3EB820FF3D123689F0736D403
:108D4000B9F1800F03D1B36823F0F003B360544E40
:108D5000336803F00F03AB4246D823685A0706D5A1
:108D60005049E0688A6822F4E06202438A601B0787
:108D700007D54C4A2169936823F4605343EAC10341
:108D80009360FFF763FF474A484C92684849C2F333
:108D900003120346A25C474802F01F02D3400B6057
:108DA0000068BDE8F843FCF7D5B89E07CFD5580753
:108DB00004D53C498A6842F4E0628A60190706D506
:108DC000384A936823F47C5343F4E0639360354A54
:108DD000A1689368324E23F0F0030B43936033682D
:108DE00003F00F03AB42B8D9336823F00F032B43D2
:108DF0003360FCF7F9F841F288380746336803F02E
:108E00000F03AB42A9D0FCF7EFF8C01B4045F5D9E2
:108E10000320BDE8F8839A033FF56EAF5BE7214975
:108E2000086880017FF557AFCE68C868C968224ED0
:108E30001D4FC0F303100130B6FBF0F0194EC1F323
:108E4000062100FB01F1F068C0F3416001304000F1
:108E5000B1FBF0F1B94220D9B16811F0F00F05D0A3
:108E600013F002093FF451AFA368B3B90D498B6801
:108E700023F0F00343F080038B604FF0800944E758
:108E800001207047074A93684FF0800923F0F003F0
:108E900043EA09039360626837E74FF0000934E75B
:108EA000002002400010024000B4C404E0AE0008FC
:108EB00004000020E00100200024F400054B064AD5
:108EC0009B680649C3F302230868D35C03F01F03C1
:108ED000D840704700100240F0AE000804000020A7
:108EE000054B064A9B680649C3F3C2230868D35C56
:108EF00003F01F03D840704700100240F0AE000896
:108F0000040000202DE9F0410368044613F400201A
:108F100082B056D0AC4B9A6DD50040F13E8100270F
:108F2000AA4D2B6843F480732B60FCF75DF806466E
:108F300005E0FCF759F8831B022B00F239812B68FE
:108F4000D805F6D5A04DD5F8903013F4407327D04E
:108F5000226D9A4225D0D5F89010D5F8903043F480
:108F60008033C5F89030D5F8903023F48033C5F8BD
:108F7000903021F44073C907C5F8903040F1488122
:108F8000FCF732F841F28838064605E0FCF72CF889
:108F9000801B404500F20C81D5F890309B07F5D539
:108FA000236D8949D1F8902022F440721343C1F80F
:108FB0009030002027B1844A936D23F0805393654D
:108FC0002368DD0708D580496568D1F8882022F03C
:108FD00003022A43C1F88820990708D57A49A56871
:108FE000D1F8882022F00C022A43C1F888205A07C1
:108FF00008D57549E568D1F8882022F030022A4367
:10900000C1F888201F0708D56F492569D1F8882045
:1090100022F0C0022A43C1F88820DE0608D56A493A
:109020006569D1F8882022F440722A43C1F888206B
:109030009D0608D56449A569D1F8882022F44062CC
:109040002A43C1F88820590608D55F49E569D1F857
:10905000882022F440522A43C1F888201A0608D5F5
:109060005949256AD1F8882022F440422A43C1F8A0
:109070008820DF0508D55449656AD1F8882022F494
:1090800040322A43C1F888209E0308D54E49A56A7C
:10909000D1F89C2022F003022A43C1F89C209D05B0
:1090A00008D54949E56AD1F8882022F440222A43AC
:1090B000C1F8882059050BD54349256BD1F8882084
:1090C00022F440122A43B5F5801FC1F8882071D0E0
:1090D0001A050BD53C49656BD1F8882022F4400273
:1090E0002A43B5F5800FC1F8882068D0DF040BD57E
:1090F0003549A56BD1F8882022F040722A43B5F19A
:10910000807FC1F8882063D09E040BD52E49E56B83
:10911000D1F8882022F040622A43B5F1006FC1F8EF
:1091200088205AD05D040BD52749256CD1F88820BA
:1091300022F040622A43B5F1006FC1F8882051D077
:1091400019040BD52049656CD1F8882022F04052D3
:109150002A43B5F1805FC1F8882048D0DA030BD5E7
:109160001949A56CD1F8882022F040422A43B5F174
:10917000804FC1F888203FD05B030BD5124AE16CC9
:10918000D2F89C3023F440130B43B1F5001FC2F812
:109190009C3036D002B0BDE8F0819A6D42F080522A
:1091A0009A659B6D03F080530193019B0127B7E6FD
:1091B0000320FFE6CA6842F48012CA6088E7CA68E2
:1091C00042F48012CA6091E7001002400070004033
:1091D000CA6842F48012CA6096E7CA6842F48012F4
:1091E000CA609FE7CA6842F48012CA60A8E7CA68EA
:1091F00042F48032CA60B1E7CA6842F48032CA6081
:10920000BAE7D36843F48013D36002B0BDE8F081BD
:109210001346C6E6B0F5002F9F4A55D0D36803F039
:109220000303022B49D0D36803F00303032B00F0A0
:109230000E8100229849CB68B0F5007FC3F3031379
:1092400003F10103B2FBF3F300F00D826BD8202889
:1092500050D800284DD001381F282CD8DFE810F056
:10926000FE0024012B0040012B002B002B005C0191
:109270002B002B002B002B002B002B002B00780148
:109280002B002B002B002B002B002B002B002B0086
:109290002B002B002B002B002B002B002B00980108
:1092A000D1F8882002F04052B2F1805F00F02D82A8
:1092B000B2F1005F51D0002070471268774B12F472
:1092C000806218BF1A46B5E7D2F89030D2F89020E5
:1092D000920703F4407300F1A4806F4AD2F89420FF
:1092E000900700F1A5806C4A106810F4003040F03F
:1092F000A6807047802800F0D981B0F5807F2ED1FC
:10930000D1F8883013F4403300F09F80B3F5803FEC
:1093100023D0086810F48060EBD0B3F5003F5F48BD
:1093200018BF00207047B0F5804F47D03DD9B0F549
:10933000003F00F0858126D9B0F5802FBBD1D1F850
:109340009C2002F44012B2F5001F00F05581B2F5E6
:10935000801F00F0D881002AADD1FFF777BC4028EC
:10936000A9D1D1F8883013F440536ED0B3F5805FA3
:10937000F3D0086810F48060BBD0B3F5005F4748B5
:1093800018BF00207047B0F5004F89D0B0F5803F7E
:1093900091D1D1F8882002F04042B2F1804F00F024
:1093A0003881B2F1004F86D1D7E7B0F5805F00F089
:1093B0000F8115D9B0F5005F7FF47DAFD1F888201B
:1093C00002F04062B2F1006F00F01681D1F898000F
:1093D00010F002008DD0002A314818BF00207047DD
:1093E000B0F5806F00F07781B0F5006F7FF463AF68
:1093F000D1F8882012F44002AFD0B2F5800F00F00F
:10940000A581B2F5000F00F0B181234B186810F46C
:1094100080603FF46EAFB2F5400F204818BF0020C7
:109420007047B3F5807F7FF458AF4FF4004070472A
:10943000B3F5007F7FF457AF4FF4FA407047B3F5B0
:10944000407F184818BF00207047FFF737BD1268EB
:10945000124B12F4003218BF1A46EBE60E4AD2F84D
:10946000883013F0030300F06381012B3FF475AFE4
:109470001268510502D5022B00F04581064AD2F848
:10948000900010F002003FF434AF032B14BF002013
:109490004FF40040704700BF001002400024F40069
:1094A000006CDC0220A10700AE4AD2F8883013F02D
:1094B0000C03CAD0042B3FF450AF1268520502D5FA
:1094C000082B00F02081A74AD2F8900010F002008B
:1094D0003FF40FAF0C2B14BF00204FF40040704737
:1094E000A04AD2F8883013F03003AED0102B3FF4EE
:1094F00034AF1268500502D5202B00F00481994A40
:10950000D2F8900010F002003FF4F3AE302B14BFFD
:1095100000204FF400407047924AD2F8883013F090
:10952000C00392D0402B3FF418AF1268510502D50A
:10953000802B00F0E8808B4AD2F8900010F00200F7
:109540003FF4D7AEC02B14BF00204FF4004070474B
:10955000844AD2F8883013F440733FF476AFB3F501
:10956000807F3FF4FAAE1268520503D5B3F5007F51
:1095700000F0C9807B4AD2F8900010F002003FF45E
:10958000B8AEB3F5407F14BF00204FF400407047E1
:10959000744AD2F8883013F440633FF456AFB3F501
:1095A000806F3FF4DAAE1268500503D5B3F5006F53
:1095B00000F0A9806B4AD2F8900010F002003FF44E
:1095C00098AEB3F5406F14BF00204FF400407047D1
:1095D000D1F8882002F04072B2F1007F3FF435AF3D
:1095E000002A00F09080B2F1807F7FF464AEC868FA
:1095F00010F480103FF47DAEC868CA68C2F34152CF
:109600000132C0F3062003FB00F05300B0FBF3F07F
:109610007047C86810F480303FF46BAE5149C86899
:10962000CA68D20EC0F3062005D1CA6812F4003F02
:1096300014BF1122072200FB03F3B3FBF2F07047C3
:10964000D1F89C3013F003033FF4FFAE012B3FF43D
:1096500084AE086810F480603FF44BAE022B4248A1
:1096600018BF00207047D1F8883013F440233FF42E
:10967000ECAED1F89420910703D5B3F5802F3FF4D9
:10968000DBAE384A1268520502D5B3F5002F3AD046
:10969000344AD2F8900010F002003FF42AAEB3F53D
:1096A000402F14BF00204FF400407047D1F888309D
:1096B00013F440433FF4C9AEB3F5804F3FF44DAED1
:1096C000086810F480603FF414AEB3F5004F2648EC
:1096D00018BF00207047D1F8882012F440123FF4E0
:1096E0003CAEB2F5801F25D0B2F5001F3ED01D4B19
:1096F000186810F480603FF4FCADB2F5401F1A48C2
:1097000018BF002070471848F3E5C86810F480308F
:109710003FF4EFADC868CA68D20EC0F306208AD104
:10972000104AD26812F4003F14BF1122072282E7C8
:10973000FFF7D6BBC86810F480103FF4DAAD02F131
:109740008042A2F55F22D068D26857E702F17F52CB
:1097500002F50432D06810F480103FF4CAADD0682E
:10976000D2684BE7001002400024F4000048704724
:109770000080BB00114B9A6B42F4807210B49A6364
:10978000996B0F4A21F480719963D0E90141036814
:1097900023430B43D0E90341234343EA014353608E
:1097A0001368416910BC23F4FE4343EA01231360AC
:1097B000136843F060031360704700BF001002405D
:1097C00000200040704700BF002800F0958010B5D1
:1097D00090F83D30044603F0FF02002B00F081803A
:1097E00023684949022284F83D208B421A6864D0DC
:1097F000B3F1804F2CD0A1F594318B4228D001F5E4
:1098000080618B4224D001F580618B4220D001F52C
:1098100094318B4251D001F5E0518B426ED03B49DF
:109820008B4263D001F580618B425FD001F580618E
:109830008B425BD001F500618B4257D0A069E16893
:1098400022F0800202431A606268D9629A6210E0D4
:10985000A168206922F070020A4322F44072A169D3
:10986000024322F08002E0680A4361681A60D8620D
:10987000996201225A611A69D20703D51A6922F046
:1098800001021A61012384F8483084F83E3084F8DC
:109890003F3084F8403084F8413084F8423084F816
:1098A000433084F8443084F8453084F8463084F8F6
:1098B000473084F83D30002010BDA068216922F0B7
:1098C0007002024322F440720A43A16922F080022E
:1098D0000A431A60E268DA6262689A6262691A632D
:1098E000C7E780F83C20FFF76DFF79E72069A169A1
:1098F00022F440720243E9E701207047A16822F098
:1099000070020A438BE700BF002C01400040014079
:1099100090F83D30012B32D103681B49022280F8B8
:109920003D20DA688B4242F00102DA6019D0B3F1CF
:10993000804F16D0154A934213D002F580629342AD
:109940000FD002F5806293420BD002F5943293421D
:1099500007D002F54062934203D002F58052934251
:1099600007D199680A4A0A40062A0AD0B2F5803F10
:1099700007D01A6842F0010200201A6070470120E7
:1099800070470020704700BF002C014000040040D9
:109990000700010003464BF680720020A3F8440044
:1099A000A3F84020704700BFB0F84010034644F2CF
:1099B0007F020A400020A3F840207047034682B08F
:1099C0004FF0010C0020A3F840C00DF1080CA3F8E3
:1099D00040000CE90600A3F84400A3F8500002B0D0
:1099E000704700BF70B50C7891F803E00FFA84FC63
:1099F000034630F82C2022F4EC4222F070021204CC
:109A0000120CBEF1030F00F20382DFE81EF0F50036
:109A1000F800AE00040042F4C06248F28000024345
:109A200023F82C2033F82C2022F4E04222F070029C
:109A30001204120C2243024323F82C20087B002836
:109A400000F0A580002033F82C2022F4E24222F01E
:109A500070021204120C42F4004242F0800223F819
:109A60002C20B3F850500A8903EBC40414FA85F58E
:109A700052085200A5F80024B3F850504A8914FA4D
:109A800085F552085200A5F804244A78002A40F0CF
:109A90000F8133F82C2055040DD533F82C2022F4F7
:109AA000E04222F070021204120C42F4404242F0F2
:109AB000800223F82C2033F82C2052060DD533F8E1
:109AC0002C2022F4E04222F070021204120C42F424
:109AD000004242F0C00223F82C20B3F850200D6958
:109AE00014FA82F2B2F80214C1F30901A2F80214C6
:109AF000002D00F023813E2D00F266816908EE07FB
:109B000048BF01318D02B2F80214ADB289B22943C7
:109B1000A2F80214B3F8502014FA82F4B4F8062420
:109B2000C2F30902A4F80624B4F8062492B215433D
:109B3000A4F8065433F82C2022F4804222F070025C
:109B40001204120C48F2800182F440520A4323F8B6
:109B50002C2033F82C2022F4E04222F040021204A0
:109B6000120C0A4323F82C2070BD48F280052A43CA
:109B700023F82C2033F82C00B14E80B23040204323
:109B8000284323F82C00087B002840F0FE804A7808
:109B9000002A40D0CA88B3F8501003EBC40404F57F
:109BA0008064520889B25200625233F82C20520667
:109BB0000DD533F82C2022F4E04222F0700212047A
:109BC000120C42F4004242F0C00223F82C2033F879
:109BD0002C2022F4E04222F040021204BEF1010FD8
:109BE0004FEA124210D082F0200242F4004242F0CA
:109BF000800223F82C2070BD42F400720DE742F47D
:109C000080620AE782F4005242F4004242F080028D
:109C100023F82C2070BDCA88B3F850500E69510843
:109C200003EBC40212FA85F54900A5F80414B3F851
:109C3000501012FA81F2B2F80614C1F30901A2F829
:109C40000614002E00F097803E2E00F2AA80B2F893
:109C500006147508F60748BF013589B241EA852127
:109C600089B2A2F8061433F82C2056040DD533F827
:109C70002C2022F4E04222F070021204120C42F472
:109C8000404242F0800223F82C2033F82C2022F4AA
:109C9000804222F070021204120C002CB2D182F425
:109CA000405242F4004242F0800223F82C2070BD62
:109CB00033F82C2051040DD533F82C2022F4E04247
:109CC00022F070021204120C42F4404242F0800270
:109CD00023F82C2033F82C2052060DD533F82C20F5
:109CE00022F4E04222F070021204120C42F400420C
:109CF00042F0C00223F82C2033F82C2022F4E0425A
:109D000022F040021204120CBEF1010F18BF82F0C3
:109D1000200242F4004242F0800223F82C2033F863
:109D20002C2022F4804222F070021204120C42F421
:109D3000004242F0800223F82C2070BDB2F80214D9
:109D40006FEA41416FEA514189B2A2F80214B3F8B7
:109D5000502014FA82F4B4F80624C2F30902A4F8DD
:109D60000624B4F806246FEA42426FEA524292B2E5
:109D7000A4F80624DEE6B2F806146FEA41416FEA61
:109D8000514189B2A2F806146DE733F82C2092B243
:109D9000324042F4014242F0800223F82C2000209D
:109DA0005FE6F106B2F806144FEA561508BF05F152
:109DB000FF3589B241EA85216FEA41416FEA51419D
:109DC00089B2A2F806144EE76909ED0608BF01F151
:109DD000FF31B2F80254890289B2ADB20D4345F4A5
:109DE0000045A2F80254B3F8502014FA82F4B4F8F3
:109DF0000624C2F30902A4F80624B4F806240A4390
:109E00006FEA42426FEA524292B2A4F8062491E607
:109E100048F28000024323F82C2033F82C2022F44F
:109E2000E04222F070021204120C2243024323F893
:109E30002C200A7B0120002A7FF405AEA7E600BF94
:109E40008F8FFFFF0B7BCBB94B780A78002B00F08C
:109E5000B18030F82230590600F1C58030F8223048
:109E600023F4E04323F040031B041B0C43F40043A2
:109E700043F0800320F82230002070474B780A78A6
:109E8000002B4BD130F8223059040DD530F8223058
:109E900023F4E04323F070031B041B0C43F4404302
:109EA00043F0800320F8223030F822305B060DD5D5
:109EB00030F8223023F4E04323F070031B041B0C22
:109EC00043F4004343F0C00320F8223030F822303E
:109ED00023F4E04323F070031B041B0C43F4004302
:109EE00043F0C00320F8223030F8223023F48043BE
:109EF00023F070031B0448F280011B0C0B4320F875
:109F0000223030F8223023F4E04323F040031B04D6
:109F10001B0C0B4320F822300020704730F8223011
:109F200059040DD530F8223023F4E04323F07003B8
:109F30001B041B0C43F4404343F0800320F8223001
:109F400030F822305B060DD530F8223023F4E043A0
:109F500023F070031B041B0C43F4004343F0C003C5
:109F600020F8223030F8223023F4E04323F070034D
:109F70001B041B0C43F4404343F0800320F82230C1
:109F800030F8223023F4E04323F040031B0448F26E
:109F900080011B0C0B4320F8223030F8223023F4D0
:109FA000804323F070031B041B0C0B4320F822306A
:109FB0000020704730F822305B040DD530F8223095
:109FC00023F4E04323F070031B041B0C43F44043D1
:109FD00043F0800320F8223030F8223023F480430D
:109FE00023F0700340E730F8223023F4E04323F0FD
:109FF00070031B041B0C43F4004343F0C00320F820
:10A0000022302BE72DE9F04F4B78012B024636D05A
:10A010000B7BEBB1CB78022B00F0B180012B40F031
:10A02000AB8000200B78886119B2002032F8213013
:10A0300023F4804323F070031B041B0C83F4405370
:10A0400043F4004343F0800322F82130BDE8F08F51
:10A050008869002879D1CB780878002B40F0AE8051
:10A0600032F8203023F4E04323F070031B041B0C70
:10A0700043F4014343F0800322F82030D1E70C6918
:10A0800088690B7BA04228BF204693BB84B2204640
:10A09000B1F806E04B69013002F580654008AE4436
:10A0A00009D003EB400CAEEB030E188823F80E002A
:10A0B00002336345F9D1B2F85030087802F2024514
:10A0C00015FA83F303EBC0031C80097832F82130C2
:10A0D00023F4E04323F040031B041B0C83F0300304
:10A0E00043F4004343F0800322F821300020BDE810
:10A0F000F08FCB78022B70D00B6A0C781B1A0B6296
:10A1000023B232F8233013F0400FB2F8503000F091
:10A11000C18002F2064515FA83F303EBC40384B24F
:10A120001C80204601304C894B6902F5806C400848
:10A13000A444CAD003EB4004ACEB030C188823F80A
:10A140000C000233A342F9D1BFE70C7832F8243077
:10A1500023F4E24323F070031B041B0C43F400437D
:10A1600043F0800322F824300B6998427FF659AF00
:10A17000C01A88610B7857E70120BDE8F08FCB69E2
:10A18000D3B10B7818B244F2400432F8205004EAFC
:10A190000506AC4302D0002E7FF446AF32F82030E3
:10A1A00023F4E04323F070031B041B0C43F400432F
:10A1B00043F0C00322F820300B7835E732F8203026
:10A1C00023F4E24323F070031B041B0C43F400430D
:10A1D00043F0800322F8203023E70B6A9C4276D2BA
:10A1E0000D7832F825C02CF4E04C2CF0700C4FEABE
:10A1F0000C4C4FEA1C4C4CF4014C4CF0800C22F8F7
:10A2000025C032F825601B1A16F0400F0B62B2F819
:10A21000506000F0888002F2064717FA86F61FFAAF
:10A2200080FA26F835A057464E89D1F814C0013778
:10A2300002F580697F084E440CD0A6EB0C080CEBAD
:10A24000470BE646BEF800602EF808600EF1020EDD
:10A25000F345F7D10CEB00069C424E6180F0A180E3
:10A260001B1A0B62B2F8503002F2024010FA83F36C
:10A2700023F835A00B8903EB0905002F3FF425AF28
:10A2800006EB47043346AD1B1888585302339C42F3
:10A29000FAD11AE702F2024515FA83F303EBC4037D
:10A2A00084B21C80204601300C894B6902F5806C19
:10A2B0004008A4443FF409AF03EB4000ACEB030CAF
:10A2C0001C8823F80C4002338342F9D1FDE60E7856
:10A2D00034B202F2024532F8240020F4E24020F0C9
:10A2E00070000004000C40F4004040F0800022F8B0
:10A2F0002400B2F850409FB215FA84F303EBC60372
:10A30000781C1F800D894B6902F580644008254444
:10A310003FF4DBAE03EB4000ED1A1C885C530233C4
:10A320008342FAD1D1E602F2024717FA86F61FFA03
:10A3300080F926F835904F460E89D1F814C00137C0
:10A3400002F580687F0846440CD0A6EB0C0A0CEBA3
:10A35000470BE646BEF800602EF80A600EF1020ECA
:10A36000F345F7D10CEB00069C424E6120D21B1A3C
:10A370000B62B2F8503002F2064010FA83F323F871
:10A3800035904B8903EB0805002F3FF49EAE06EB9A
:10A3900047043346AD1B1888585302339C42FAD108
:10A3A00093E69CB201341FFA83FA6708002358E74A
:10A3B0009CB201341FFA83F967080023D8E700BF75
:10A3C0004B780A788BB130F8223023F4E04323F045
:10A3D00040031B041B0C83F0100343F4004343F0C1
:10A3E000800320F822300020704730F8223023F418
:10A3F000804323F070031B041B0C83F4805343F44D
:10A40000004343F0800320F822300020704700BF53
:10A410004B780A7833B330F822305B060DD530F82C
:10A42000223023F4E04323F070031B041B0C43F49D
:10A43000004343F0C00320F82230CB78012B0FD02B
:10A4400030F8223023F4E04323F040031B041B0CBC
:10A4500083F0200343F4004343F0800320F82230CC
:10A460000020704730F822305B040DD530F82230E0
:10A4700023F4E04323F070031B041B0C43F440431C
:10A4800043F0800320F8223030F8223023F4804358
:10A4900023F070031B041B0C83F4405343F400436C
:10A4A00043F0800320F822300020704711B9802348
:10A4B000A0F84C300020704702460020B2F8583017
:10A4C0006FEA43436FEA53439BB2A2F85830704798
:10A4D000B0F8440080B2704702F580620133104446
:10A4E0005A0808D00B46C01A01EB42011A881A52CA
:10A4F00002339942FAD1704770B502F580625E0866
:10A5000000EB02051CD06FF00104641A8A1C2C4475
:10A51000B64634F802C002321FFA8CFC4FEA1C2007
:10A52000BEF1010E02F804CC02F8030CF1D105EBE8
:10A530004602DB0701EB460144BF13880B7070BD78
:10A540002A46DB0744BF13880B7070BD70B50D4DF4
:10A550000D4C641BA4100026A64209D10B4D0C4CD7
:10A5600000F0B2FC641BA4100026A64205D170BD09
:10A5700055F8043B98470136EEE755F8043B9847F9
:10A580000136F2E770B1000870B1000870B1000840
:10A5900074B1000810B501390244904201D1002085
:10A5A00005E0037811F8014FA34201D0181B10BD3C
:10A5B0000130F2E70A44914200F1FF3300D17047C5
:10A5C00010B511F8014B03F8014F9142F9D110BDBC
:10A5D000884210B501EB020402D98442234607D811
:10A5E000431EA14208D011F8012B03F8012FF8E710
:10A5F000024401468A4200D110BD13F8014D02F811
:10A60000014DF7E702440346934200D1704703F837
:10A61000011BF9E70EB400B59CB01DAB029006908B
:10A620006FF00041094807910491094953F8042B40
:10A6300005910068019302A900F070F8029B0022C6
:10A640001A701CB05DF804EB03B0704704020020E0
:10A650000802FFFF034611F8012B03F8012B002A23
:10A66000F9D170472DE9F0478E689E4282460C462C
:10A6700090461F4638D88A8912F4906F32D02568E8
:10A680000969A5EB0109656905EB450505EBD5757C
:10A6900001334B446D109D4238BF1D46530531D5E3
:10A6A000294600F039FB064650B90C23CAF80030A1
:10A6B000A38943F04003A3814FF0FF30BDE8F0874A
:10A6C00021694A46FFF776FFA38923F4906343F09C
:10A6D0008003A381266165614E44A5EB09052660D0
:10A6E000A5603E46BE4200D93E46206832464146FD
:10A6F000FFF76EFFA3689B1BA360236833442360AE
:10A700000020DBE72A4600F07BFB06460028E1D16B
:10A710002169504600F096FAC7E700002DE9F04F96
:10A7200098468B891B069DB007460D4614460ED5EC
:10A730000B6963B9402100F0EFFA2860286120B965
:10A740000C233B604FF0FF30D1E040236B610023CE
:10A75000099320238DF82930CDF80C803023DFF8C1
:10A76000A8818DF82A304FF0010923469A4613F844
:10A77000012B0AB1252AF9D1BAEB040B0BD05B46A9
:10A78000224629463846FFF76DFF013000F0AA80C7
:10A79000099A5A4409929AF80030002B00F0A280DE
:10A7A00000234FF0FF32CDE905230AF1010A04939B
:10A7B00007938DF853301A935446052214F8011B61
:10A7C0005148F5F735FD049AD8B9D00644BF202387
:10A7D0008DF85330110744BF2B238DF853309AF86E
:10A7E00000302A2B15D0079A544600204FF00A0C4F
:10A7F000214611F8013B303B092B4ED9B0B10792ED
:10A8000014E0A0EB080309FA03F313430493A246F0
:10A81000D2E7039B191D1B680391002BBBBF5B4252
:10A8200042F0020207930793B8BF049223782E2BBD
:10A830000CD163782A2B35D1039B1A1D1B68039218
:10A84000002BB8BF4FF0FF3302340593DFF8BCA0F4
:10A85000217803225046F5F7EBFC40B14023A0EBF2
:10A860000A0003FA00F0049B03430134049314F834
:10A87000011B27488DF828100622F5F7D9FC00287F
:10A8800038D0244B1BBB039B073323F0070308334B
:10A890000393099B3344099367E70CFB02320C4690
:10A8A0000120A5E700230134059319464FF00A0C57
:10A8B000204610F8012B303A092A03D9002BC5D0C5
:10A8C0000591C3E70CFB012104460123F0E703AB2C
:10A8D00000932A46104B04A93846AFF30080421C6F
:10A8E0000646D6D1AB895B063FF52CAF09981DB063
:10A8F000BDE8F08F03AB00932A46074B04A9384606
:10A9000000F07AF8EBE700BF3CB1000842B1000864
:10A9100046B100080000000065A600082DE9F047D8
:10A92000164699468A680B69DDF820809342B8BFC5
:10A930001346336091F8432007460C460AB10133B1
:10A9400033602368990642BF336802333360256859
:10A9500015F0060506D104F1190AE36832689B1A5E
:10A96000AB4226DC94F84320131E226818BF012353
:10A9700092062BD404F1430249463846C0470130C1
:10A980001ED02368E568326803F00603042B08BF75
:10A99000AD1AA36822690CBF25EAE575002593422C
:10A9A000C4BF9B1AED1800261A34B5421AD10020F4
:10A9B00008E00123524649463846C047013003D1DA
:10A9C0004FF0FF30BDE8F0870135C6E7E1185A1CAB
:10A9D000302081F84300224494F8451082F8431057
:10A9E0000233C7E70123224649463846C0470130B3
:10A9F000E6D00136D9E700002DE9FF470F7E0C9D18
:10AA0000782F914680460C469A4601F1430207D8BA
:10AA1000622F0AD8002F00F0D880582F00F0A380B2
:10AA200004F1420584F842703AE0A7F16303152B64
:10AA3000F6D801A151F823F091AA0008A5AA0008B0
:10AA400021AA000821AA000821AA000821AA0008BA
:10AA5000A5AA000821AA000821AA000821AA000826
:10AA600021AA0008B1AB0008D5AA000893AB0008E2
:10AA700021AA000821AA0008D3AB000821AA0008D7
:10AA8000D5AA000821AA000821AA00089BAB00084B
:10AA90002B681A1D1B682A6004F1420584F84230B5
:10AAA0000123A3E020682968060601F104030AD502
:10AAB0000E682B60002E03DA2D23764284F8433093
:10AAC0005E480A2319E00E682B6010F0400F18BF93
:10AAD00036B2EFE72B682068191D2960010601D501
:10AAE0001E6802E04606FBD51E8854486F2F0CBF37
:10AAF00008230A23002184F843106568A560002D0F
:10AB0000A2BF216821F0040121600EB9002D4DD0B3
:10AB10001546B6FBF3F103FB1167C75D05F8017D30
:10AB20003746BB420E46F4D9082B0BD12368DE070B
:10AB300008D5236961689942DEBF302305F8013CDE
:10AB400005F1FF35521B2261CDF800A04B4603AA48
:10AB500021464046FFF7E2FE01304CD14FF0FF3076
:10AB600004B0BDE8F087354881F84570296823684E
:10AB700051F8046B29601D0614D5DF0744BF43F06C
:10AB8000200323601EB9236823F0200323601023D1
:10AB9000B0E7236843F0200323607823284884F833
:10ABA0004530E3E7590648BFB6B2E6E71546BBE7CE
:10ABB0002B6826686169181D286035061B6801D559
:10ABC000196002E07006FBD5198000232361154649
:10ABD000BAE72B681A1D2A601D68626800212846A2
:10ABE000F5F726FB08B1401B606063682361002312
:10ABF00084F84330A8E723692A4649464046D047AF
:10AC00000130ABD023689B0713D4E068039B9842C4
:10AC1000B8BF1846A4E70123324649464046D0470C
:10AC200001309BD00135E36803995B1AAB42F2DC3B
:10AC3000EBE7002504F11906F5E700BF4DB1000868
:10AC40005EB1000838B50546002941D051F8043CF2
:10AC50000C1F002BB8BFE41800F012F91D4A13684E
:10AC600033B9636014602846BDE8384000F00EB97F
:10AC7000A34208D9206821188B4201BF19685B687C
:10AC800009182160EDE71A465B680BB1A342FAD9B7
:10AC900011685018A0420BD120680144501883421B
:10ACA0001160E0D118685B68536001441160DAE715
:10ACB00002D90C232B60D6E7206821188B4204BFF1
:10ACC00019685B68636004BF091821605460CAE7B3
:10ACD00038BD00BFA8DF012070B50E4E0C463168AC
:10ACE000054611B900F0BCF830602146284600F056
:10ACF000B7F8431C0AD0C41C24F00304A04207D0B8
:10AD0000211A284600F0ACF8013001D14FF0FF3491
:10AD1000204670BDACDF01202DE9F041CD1C25F0AF
:10AD2000030508350C2D38BF0C25002D074601DB27
:10AD3000A94205D90C233B6000263046BDE8F081CE
:10AD40002E4E00F09DF833681C4634BB2946384629
:10AD5000FFF7C2FF431C04464DD134682646002E3F
:10AD600040D123683146384604EB030800F078F8F8
:10AD700080453AD1216803356D1A25F00305083561
:10AD80000C2D38BF0C2529463846FFF7A5FF0130AA
:10AD90002BD023682B4423600EE02268521B1ED464
:10ADA0000B2A16D96119A342256018BF5960636840
:10ADB00008BF316062514B60384604F10B0600F069
:10ADC00065F826F00706231DF21AB6D09B1BA35088
:10ADD000B3E76268A3420CBF32605A60ECE72346D7
:10ADE0006468B2E734467668B9E70C233B603846BE
:10ADF00000F04CF8A1E72560DEE700BFA8DF0120E6
:10AE00002DE9F041804614460E4621B9BDE8F041D7
:10AE10001146FFF781BF2AB9FFF714FF25462846E0
:10AE2000BDE8F08100F038F88442074602D8B4EB60
:10AE3000500F12D821464046FFF76EFF0546002806
:10AE4000EDD0BC422246314628BF3A46FFF7B2FB5E
:10AE500031464046FFF7F6FEE1E73546DFE7000002
:10AE600038B5064D0023044608462B6000F01EF856
:10AE7000431C02D12B6803B1236038BDB0DF012031
:10AE8000014800F011B800BFB4DF0120014800F014
:10AE90000CB800BFB4DF012051F8043C181F002B90
:10AEA000BCBF0B58C018704770477047044A05492B
:10AEB0001368002B08BF0B461844106018467047F3
:10AEC000B8DF0120C0DF0120F8B500BFF8BC08BC26
:10AED0009E467047F8B500BFF8BC08BC9E46704758
:10AEE000000000000000000001020304060708093A
:10AEF00000000000010203043E3E2053746172749E
:10AF0000207265636F766572792066726F6D20427C
:10AF10007573204F666600003C3C20537563636583
:10AF2000737366756C6C79207265636F7665726594
:10AF3000642066726F6D20427573204F6666000054
:10AF4000496E76616C696400596573004E6F00004C
:10AF50004F7065726174696F6E204D6F64653A2041
:10AF6000257300004E6F6D696E616C003B2044617B
:10AF7000746100003B2050657266656374206D61EA
:10AF80007463683A200000004D65617375726564F2
:10AF9000207472616E736365697665722063686997
:10AFA000702064656C61793A20256C75206E7300A1
:10AFB0005265737472696374656400004D6F6E69E5
:10AFC000746F72696E670000496E7465726E616CB1
:10AFD000204C6F6F706261636B0000004578746590
:10AFE000726E616C204C6F6F706261636B00000069
:10AFF000B0AF0008BCAF0008C8AF0008DCAF000865
:10B000004D00000025733A204E6F20626175647216
:10B01000617465207365740025733A20256C75256D
:10B020007320626175642C20256C752E256C752546
:10B03000250000000C10141820304000436F72658A
:10B040004D6F74696F6E202868747470733A2F2F77
:10B05000636F72656D6F74696F6E2E666569736874
:10B06000752E636E2F77696B692F49566775773236
:10B0700075763969525365506B616A6A41636972CA
:10B0800030396E766629000043616E646C656C69C8
:10B0900067687420322E35202D205057525F464469
:10B0A00043414E5F4455414C000000002530386C50
:10B0B000582530386C5825750000000053544D3326
:10B0C00032473437340000005057525F4644434102
:10B0D0004E5F4455414C00002A2A2A2044626720D2
:10B0E0006D736720746F6F206C6F6E6700000000D7
:10B0F00043414E20464420496E7465726661636523
:10B10000207800004669726D776172652055706421
:10B1100061746520496E7465726661636500000044
:10B120004D534654313030780000000000010203D6
:10B1300004050607080C101418203040232D302B6E
:10B140002000686C4C006566674546470030313228
:10B15000333435363738394142434445460030317F
:10B1600032333435363738396162636465660000DE
:04B1700005020008CC
:04B17400E1010008ED
:10B17800010000000024F4000909000000640040F8
:10B188000068004000030000600000000004004860
:10B1980000040048FFFFFFFFFFFFFFFF0004004817
:10B1A8000004004800800000100000000000004873
:10B1B80000040048000400000800000000000048E7
:10B1C8000004004801000000040309040201000013
:10B1D8008183850002040600B54B0008CD4C0008A9
:10B1E800054D000800000000494C0008994C000873
:10B1F800554C00080000000000000000000000009E
:10B2080009024900030100804B0904000002FFFF06
:10B21800FF05070581024000000705020240000003
:10B228000904010000FE01010409210BFF000008C8
:10B238001A010904020002FFFFFF06070583024006
:10B24800000007050402400000000000120100028F
:10B2580000000040501D6F60082601020301000035
:10B2680092000000000105000100880000000700AE
:10B2780000002A004400650076006900630065004C
:10B2880049006E007400650072006600610063008A
:10B298006500470055004900440073000000500055
:10B2A80000007B0063003100350062003400330089
:10B2B800300038002D0030003400640033002D00C9
:10B2C80031003100650036002D0062003300650052
:10B2D80061002D003600300035003700310038009D
:10B2E8003900650036003400340033007D0000006A
:10B2F80000000000580000000001040003000000E6
:10B3080000000000000157494E555342000000005C
:10B318000000000000000000000000000101574983
:10B328004E555342000000000000000000000000DD
:10B3380000000000020157494E555342000000002A
:10B3480000000000000000000000000001000000F4
:10B3580010000000000000000000000000000000D5
:10B3680000000000010000000000000000000000D4
:10B37800000000000802002000000000000000009B
:10B3880000000000000000000000000000000000B5
:10B3980000000000000000000000000000000000A5
:10B3A8000000000000000000000000000000000095
:10B3B8000000000000000000000000000000000085
:10B3C8000000000000000000000000000000000075
:08B3D80000000000000000006D
:040000050800358535
:00000001FF
